student_code,name,school,sex,age,address,famsize,Pstatus,Medu,Fedu,Mjob,Fjob,reason,guardian,traveltime,studytime,failures,schoolsup,famsup,paid,activities,nursery,higher,internet,romantic,famrel,freetime,goout,Dalc,Walc,health,absences,G1,G2,G3
SPOR001,Student 1,GP,F,18,U,GT3,A,4,4,at_home,teacher,course,mother,2,2,0,yes,no,no,no,yes,yes,no,no,4,3,4,1,1,3,4,0,11,11
SPOR002,Student 2,GP,F,17,U,GT3,T,1,1,at_home,other,course,father,1,2,0,no,yes,no,no,no,yes,yes,no,5,3,3,1,1,3,2,9,11,11
SPOR003,Student 3,GP,F,15,U,LE3,T,1,1,at_home,other,other,mother,1,2,0,yes,no,no,no,yes,yes,yes,no,4,3,2,2,3,3,6,12,13,12
SPOR004,Student 4,GP,F,15,U,GT3,T,4,2,health,services,home,mother,1,3,0,no,yes,no,yes,yes,yes,yes,yes,3,2,2,1,1,5,0,14,14,14
SPOR005,Student 5,GP,F,16,U,GT3,T,3,3,other,other,home,father,1,2,0,no,yes,no,no,yes,yes,no,no,4,3,2,1,2,5,0,11,13,13
SPOR006,Student 6,GP,M,16,U,LE3,T,4,3,services,other,reputation,mother,1,2,0,no,yes,no,yes,yes,yes,yes,no,5,4,2,1,2,5,6,12,12,13
SPOR007,Student 7,GP,M,16,U,LE3,T,2,2,other,other,home,mother,1,2,0,no,no,no,no,yes,yes,yes,no,4,4,4,1,1,3,0,13,12,13
SPOR008,Student 8,GP,F,17,U,GT3,A,4,4,other,teacher,home,mother,2,2,0,yes,yes,no,no,yes,yes,no,no,4,1,4,1,1,1,2,10,13,13
SPOR009,Student 9,GP,M,15,U,LE3,A,3,2,services,other,home,mother,1,2,0,no,yes,no,no,yes,yes,yes,no,4,2,2,1,1,1,0,15,16,17
SPOR010,Student 10,GP,M,15,U,GT3,T,3,4,other,other,home,mother,1,2,0,no,yes,no,yes,yes,yes,yes,no,5,5,1,1,1,5,0,12,12,13
SPOR011,Student 11,GP,F,15,U,GT3,T,4,4,teacher,health,reputation,mother,1,2,0,no,yes,no,no,yes,yes,yes,no,3,3,3,1,2,2,2,14,14,14
SPOR012,Student 12,GP,F,15,U,GT3,T,2,1,services,other,reputation,father,3,3,0,no,yes,no,yes,yes,yes,yes,no,5,2,2,1,1,4,0,10,12,13
SPOR013,Student 13,GP,M,15,U,LE3,T,4,4,health,services,course,father,1,1,0,no,yes,no,yes,yes,yes,yes,no,4,3,3,1,3,5,0,12,13,12
SPOR014,Student 14,GP,M,15,U,GT3,T,4,3,teacher,other,course,mother,2,2,0,no,yes,no,no,yes,yes,yes,no,5,4,3,1,2,3,0,12,12,13
SPOR015,Student 15,GP,M,15,U,GT3,A,2,2,other,other,home,other,1,3,0,no,yes,no,no,yes,yes,yes,yes,4,5,2,1,1,3,0,14,14,15
SPOR016,Student 16,GP,F,16,U,GT3,T,4,4,health,other,home,mother,1,1,0,no,yes,no,no,yes,yes,yes,no,4,4,4,1,2,2,6,17,17,17
SPOR017,Student 17,GP,F,16,U,GT3,T,4,4,services,services,reputation,mother,1,3,0,no,yes,no,yes,yes,yes,yes,no,3,2,3,1,2,2,10,13,13,14
SPOR018,Student 18,GP,F,16,U,GT3,T,3,3,other,other,reputation,mother,3,2,0,yes,yes,no,yes,yes,yes,no,no,5,3,2,1,1,4,2,13,14,14
SPOR019,Student 19,GP,M,17,U,GT3,T,3,2,services,services,course,mother,1,1,3,no,yes,yes,yes,yes,yes,yes,no,5,5,5,2,4,5,2,8,8,7
SPOR020,Student 20,GP,M,16,U,LE3,T,4,3,health,other,home,father,1,1,0,no,no,no,yes,yes,yes,yes,no,3,1,3,1,3,5,6,12,12,12
SPOR021,Student 21,GP,M,15,U,GT3,T,4,3,teacher,other,reputation,mother,1,2,0,no,no,no,no,yes,yes,yes,no,4,4,1,1,1,1,0,12,13,14
SPOR022,Student 22,GP,M,15,U,GT3,T,4,4,health,health,other,father,1,1,0,no,yes,yes,no,yes,yes,yes,no,5,4,2,1,1,5,0,11,12,12
SPOR023,Student 23,GP,M,16,U,LE3,T,4,2,teacher,other,course,mother,1,2,0,no,no,no,yes,yes,yes,yes,no,4,5,1,1,3,5,0,12,13,14
SPOR024,Student 24,GP,M,16,U,LE3,T,2,2,other,other,reputation,mother,2,2,0,no,yes,no,yes,yes,yes,yes,no,5,4,4,2,4,5,2,10,10,10
SPOR025,Student 25,GP,F,15,R,GT3,T,2,4,services,health,course,mother,1,3,0,yes,yes,no,yes,yes,yes,yes,no,4,3,2,1,1,5,2,10,11,10
SPOR026,Student 26,GP,F,16,U,GT3,T,2,2,services,services,home,mother,1,1,0,no,yes,no,no,no,yes,yes,no,1,2,2,1,3,5,6,10,11,12
SPOR027,Student 27,GP,M,15,U,GT3,T,2,2,other,other,home,mother,1,1,0,no,yes,no,no,yes,yes,yes,no,4,2,2,1,2,5,8,11,12,12
SPOR028,Student 28,GP,M,15,U,GT3,T,4,2,health,services,other,mother,1,1,0,no,no,no,no,yes,yes,yes,no,2,2,4,2,4,1,0,11,11,11
SPOR029,Student 29,GP,M,16,U,LE3,A,3,4,services,other,home,mother,1,2,0,yes,yes,yes,yes,yes,yes,yes,no,5,3,3,1,1,5,2,12,12,13
SPOR030,Student 30,GP,M,16,U,GT3,T,4,4,teacher,teacher,home,mother,1,2,0,no,yes,yes,yes,yes,yes,yes,yes,4,4,5,5,5,5,4,12,11,12
SPOR031,Student 31,GP,M,15,U,GT3,T,4,4,health,services,home,mother,1,2,0,no,yes,yes,no,no,yes,yes,no,5,4,2,3,4,5,0,10,11,11
SPOR032,Student 32,GP,M,15,U,GT3,T,4,4,services,services,reputation,mother,2,2,0,no,yes,no,yes,yes,yes,yes,no,4,3,1,1,1,5,2,15,15,15
SPOR033,Student 33,GP,M,15,R,GT3,T,4,3,teacher,at_home,course,mother,1,2,0,no,yes,no,yes,yes,yes,yes,yes,4,5,2,1,1,5,0,13,14,15
SPOR034,Student 34,GP,M,15,U,LE3,T,3,3,other,other,course,mother,1,2,0,no,no,no,yes,no,yes,yes,no,5,3,2,1,1,2,0,13,12,12
SPOR035,Student 35,GP,M,16,U,GT3,T,3,2,other,other,home,mother,1,1,0,no,yes,no,no,no,yes,yes,no,5,4,3,1,1,5,4,12,12,12
SPOR036,Student 36,GP,F,15,U,GT3,T,2,3,other,other,other,father,2,1,0,no,yes,no,yes,yes,yes,no,no,3,5,1,1,1,5,4,11,11,11
SPOR037,Student 37,GP,M,15,U,LE3,T,4,3,teacher,services,home,mother,1,3,0,no,yes,no,yes,yes,yes,yes,no,5,4,3,1,1,4,0,14,14,14
SPOR038,Student 38,GP,M,16,R,GT3,A,4,4,other,teacher,reputation,mother,2,3,0,no,yes,no,yes,yes,yes,yes,yes,2,4,3,1,1,5,4,13,13,13
SPOR039,Student 39,GP,F,15,R,GT3,T,3,4,services,health,course,mother,1,3,0,yes,yes,no,yes,yes,yes,yes,no,4,3,2,1,1,5,2,11,12,12
SPOR040,Student 40,GP,F,15,R,GT3,T,2,2,at_home,other,reputation,mother,1,1,0,yes,yes,no,yes,yes,yes,no,no,4,3,1,1,1,2,8,14,13,12
SPOR041,Student 41,GP,F,16,U,LE3,T,2,2,other,other,home,mother,2,2,0,no,yes,no,yes,no,yes,yes,yes,3,3,3,1,2,3,16,11,11,10
SPOR042,Student 42,GP,M,15,U,LE3,T,4,4,teacher,other,home,other,1,1,0,no,yes,no,no,no,yes,yes,yes,5,4,3,2,4,5,8,10,11,11
SPOR043,Student 43,GP,M,15,U,GT3,T,4,4,services,teacher,course,father,1,2,0,no,yes,no,yes,yes,yes,yes,no,4,3,3,1,1,5,0,14,15,15
SPOR044,Student 44,GP,M,15,U,GT3,T,2,2,services,services,course,father,1,1,0,yes,yes,no,no,yes,yes,yes,no,5,4,1,1,1,1,0,9,10,10
SPOR045,Student 45,GP,F,16,U,LE3,T,2,2,other,at_home,course,father,2,2,1,yes,no,no,yes,yes,yes,yes,no,4,3,3,2,2,5,14,10,11,11
SPOR046,Student 46,GP,F,15,U,LE3,A,4,3,other,other,course,mother,1,2,0,yes,yes,yes,yes,yes,yes,yes,yes,5,2,2,1,1,5,4,10,11,11
SPOR047,Student 47,GP,F,16,U,LE3,A,3,3,other,services,home,mother,1,2,0,no,yes,no,no,yes,yes,yes,no,2,3,5,1,4,3,6,13,12,13
SPOR048,Student 48,GP,M,16,U,GT3,T,4,3,health,services,reputation,mother,1,4,0,no,no,no,yes,yes,yes,yes,no,4,2,2,1,1,2,2,17,17,17
SPOR049,Student 49,GP,M,15,U,GT3,T,4,2,teacher,other,home,mother,1,2,0,no,yes,no,no,yes,yes,no,no,4,3,3,2,2,5,4,11,12,13
SPOR050,Student 50,GP,F,15,U,GT3,T,4,4,services,teacher,other,father,1,2,0,yes,yes,no,yes,no,yes,yes,no,4,4,4,1,1,3,2,13,12,12
SPOR051,Student 51,GP,F,16,U,LE3,T,2,2,services,services,course,mother,3,2,0,no,yes,no,no,yes,yes,yes,no,4,3,3,2,3,4,0,14,13,13
SPOR052,Student 52,GP,F,15,U,LE3,T,4,2,health,other,other,mother,1,2,0,no,yes,no,no,yes,yes,yes,no,4,3,3,1,1,5,0,16,14,16
SPOR053,Student 53,GP,M,15,U,LE3,A,4,2,health,health,other,father,2,1,0,no,no,no,no,yes,yes,no,no,5,5,5,3,4,5,4,10,9,9
SPOR054,Student 54,GP,F,15,U,GT3,T,4,4,services,services,course,mother,1,1,0,yes,yes,no,no,yes,yes,yes,no,3,3,4,2,3,5,0,13,12,12
SPOR055,Student 55,GP,F,15,U,LE3,A,3,3,other,other,other,mother,1,1,0,no,no,no,no,yes,yes,yes,no,5,3,4,4,4,1,0,13,12,13
SPOR056,Student 56,GP,F,16,U,GT3,A,2,1,other,other,other,mother,1,2,0,no,no,no,yes,yes,yes,yes,yes,5,3,4,1,1,2,2,12,13,12
SPOR057,Student 57,GP,F,15,U,GT3,A,4,3,services,services,reputation,mother,1,2,0,no,yes,no,yes,yes,yes,yes,no,4,3,2,1,1,1,0,15,14,15
SPOR058,Student 58,GP,M,15,U,GT3,T,4,4,teacher,health,reputation,mother,1,2,0,no,yes,no,yes,yes,yes,no,no,3,2,2,1,1,5,8,15,15,16
SPOR059,Student 59,GP,M,15,U,LE3,T,1,2,other,at_home,home,father,1,2,0,yes,yes,no,yes,yes,yes,yes,no,4,3,2,1,1,5,0,14,13,14
SPOR060,Student 60,GP,F,16,U,GT3,T,4,2,services,other,course,mother,1,2,0,no,yes,yes,no,yes,yes,yes,no,4,2,3,1,1,5,2,16,15,16
SPOR061,Student 61,GP,F,16,R,GT3,T,4,4,health,teacher,other,mother,1,2,0,no,yes,no,yes,yes,yes,no,no,2,4,4,2,3,4,0,17,16,16
SPOR062,Student 62,GP,F,16,U,GT3,T,1,1,services,services,course,father,4,1,0,yes,yes,no,yes,no,yes,yes,yes,5,5,5,5,5,5,0,10,10,16
SPOR063,Student 63,GP,F,16,U,LE3,T,1,2,other,services,reputation,father,1,2,0,yes,no,no,yes,yes,yes,yes,no,4,4,3,1,1,1,0,13,13,10
SPOR064,Student 64,GP,F,16,U,GT3,T,4,3,teacher,health,home,mother,1,3,0,yes,yes,no,yes,yes,yes,yes,no,3,4,4,2,4,4,0,14,13,13
SPOR065,Student 65,GP,F,15,U,LE3,T,4,3,services,services,reputation,father,1,2,0,yes,no,no,yes,yes,yes,yes,yes,4,4,4,2,4,2,0,13,12,12
SPOR066,Student 66,GP,F,16,U,LE3,T,4,3,teacher,services,course,mother,3,2,0,no,yes,no,yes,yes,yes,yes,no,5,4,3,1,2,1,2,16,15,16
SPOR067,Student 67,GP,M,15,U,GT3,A,4,4,other,services,reputation,mother,1,4,0,no,yes,no,yes,no,yes,yes,yes,1,3,3,5,5,3,0,11,12,12
SPOR068,Student 68,GP,F,16,U,GT3,T,3,1,services,other,course,mother,1,4,0,yes,yes,no,no,yes,yes,yes,no,4,3,3,1,2,5,0,10,9,10
SPOR069,Student 69,GP,F,15,R,LE3,T,2,2,health,services,reputation,mother,2,2,0,yes,yes,no,no,yes,yes,yes,no,4,1,3,1,3,4,0,11,10,11
SPOR070,Student 70,GP,F,15,R,LE3,T,3,1,other,other,reputation,father,2,4,0,no,yes,no,no,no,yes,yes,no,4,4,2,2,3,3,6,15,15,15
SPOR071,Student 71,GP,M,16,U,GT3,T,3,1,other,other,reputation,father,2,4,0,no,yes,no,no,yes,yes,yes,no,4,3,2,1,1,5,2,13,11,11
SPOR072,Student 72,GP,M,15,U,GT3,T,4,2,other,other,course,mother,1,4,0,no,no,no,no,yes,yes,yes,no,3,3,3,1,1,3,0,11,9,10
SPOR073,Student 73,GP,F,15,R,GT3,T,1,1,other,other,reputation,mother,1,2,0,yes,yes,no,no,no,yes,yes,yes,3,3,4,2,4,5,2,13,11,11
SPOR074,Student 74,GP,M,16,U,GT3,T,3,1,other,other,reputation,mother,1,1,0,no,no,no,yes,yes,yes,no,no,5,3,2,2,2,5,0,13,13,14
SPOR075,Student 75,GP,F,16,U,GT3,T,3,3,other,services,home,mother,1,2,0,yes,yes,no,yes,yes,yes,yes,no,4,3,3,2,4,5,4,11,11,11
SPOR076,Student 76,GP,M,15,U,GT3,T,4,3,teacher,other,home,mother,1,2,0,no,yes,no,yes,yes,yes,yes,no,4,3,3,2,3,5,0,11,11,11
SPOR077,Student 77,GP,M,15,U,GT3,T,4,0,teacher,other,course,mother,2,4,0,no,no,no,yes,yes,yes,yes,no,3,4,3,1,1,1,0,12,11,11
SPOR078,Student 78,GP,F,16,U,GT3,T,2,2,other,other,reputation,mother,1,4,0,no,no,no,no,yes,yes,yes,yes,5,2,3,1,3,3,1,13,13,13
SPOR079,Student 79,GP,M,17,U,GT3,T,2,1,other,other,home,mother,2,1,3,yes,yes,no,yes,yes,no,yes,no,4,5,1,1,1,3,0,9,9,10
SPOR080,Student 80,GP,F,16,U,GT3,T,3,4,at_home,other,course,mother,1,2,0,no,yes,no,no,yes,yes,yes,no,2,4,3,1,2,3,14,12,11,11
SPOR081,Student 81,GP,M,15,U,GT3,T,2,3,other,services,course,father,1,1,0,yes,yes,no,yes,no,yes,yes,yes,3,2,2,1,3,3,0,11,11,12
SPOR082,Student 82,GP,M,15,U,GT3,T,2,3,other,other,home,mother,1,3,0,yes,no,no,no,no,yes,yes,no,5,3,2,1,2,5,2,10,9,9
SPOR083,Student 83,GP,F,15,U,LE3,T,3,2,services,other,reputation,mother,1,2,0,no,yes,no,no,yes,yes,yes,no,4,4,4,1,1,5,4,12,11,11
SPOR084,Student 84,GP,M,15,U,LE3,T,2,2,services,services,home,mother,2,2,0,no,no,yes,yes,yes,yes,yes,no,5,3,3,1,3,4,2,13,12,13
SPOR085,Student 85,GP,F,15,U,GT3,T,1,1,other,other,home,father,1,2,0,no,yes,no,yes,no,yes,yes,no,4,3,2,2,3,4,2,13,12,12
SPOR086,Student 86,GP,F,15,U,GT3,T,4,4,services,services,reputation,father,2,2,0,no,no,no,no,yes,yes,yes,yes,4,4,4,2,3,5,4,12,11,12
SPOR087,Student 87,GP,F,16,U,LE3,T,2,2,at_home,other,course,mother,1,2,0,no,yes,no,no,yes,yes,no,no,4,3,4,1,2,2,6,13,11,11
SPOR088,Student 88,GP,F,15,U,GT3,T,4,2,other,other,reputation,mother,1,3,0,no,yes,no,yes,yes,yes,yes,no,5,3,3,1,3,1,4,15,15,15
SPOR089,Student 89,GP,M,16,U,GT3,T,2,2,services,other,reputation,father,2,2,0,no,no,no,yes,no,yes,yes,no,4,4,2,1,1,3,6,12,10,11
SPOR090,Student 90,GP,M,16,U,LE3,A,4,4,teacher,health,reputation,mother,1,2,0,no,yes,no,no,yes,yes,no,no,4,1,3,3,5,5,6,9,9,10
SPOR091,Student 91,GP,F,16,U,GT3,T,3,3,other,other,home,mother,1,3,0,no,yes,no,no,yes,yes,yes,yes,4,3,3,1,3,4,2,9,11,11
SPOR092,Student 92,GP,F,15,U,GT3,T,4,3,services,other,reputation,mother,1,1,0,no,no,no,yes,yes,yes,yes,no,4,5,5,1,3,1,6,14,13,13
SPOR093,Student 93,GP,F,16,U,LE3,T,3,1,other,other,home,father,1,2,0,yes,yes,no,no,yes,yes,no,no,3,3,3,2,3,2,0,12,13,12
SPOR094,Student 94,GP,F,16,U,GT3,T,4,2,teacher,services,home,mother,2,2,0,no,yes,no,yes,yes,yes,yes,no,5,3,3,1,1,1,2,13,14,14
SPOR095,Student 95,GP,M,15,U,LE3,T,2,2,services,health,reputation,mother,1,4,0,no,yes,no,yes,yes,yes,yes,no,4,3,4,1,1,4,2,11,12,12
SPOR096,Student 96,GP,F,15,R,GT3,T,1,1,at_home,other,home,mother,2,4,0,yes,yes,yes,yes,yes,yes,yes,no,3,1,2,1,1,1,4,13,13,13
SPOR097,Student 97,GP,M,16,R,GT3,T,4,3,services,other,reputation,mother,2,1,0,yes,yes,yes,yes,no,yes,yes,no,3,3,3,1,1,4,6,9,11,11
SPOR098,Student 98,GP,F,16,U,GT3,T,2,1,other,other,course,mother,1,2,0,no,yes,no,no,yes,yes,no,yes,4,3,5,1,1,5,0,13,12,12
SPOR099,Student 99,GP,F,16,U,GT3,T,4,4,other,other,reputation,mother,1,1,0,no,no,no,yes,no,yes,yes,no,5,3,4,1,2,1,4,12,13,13
SPOR100,Student 100,GP,F,16,U,GT3,T,4,3,other,at_home,course,mother,1,3,0,yes,yes,no,no,yes,yes,yes,no,5,3,5,1,1,3,2,12,13,13
SPOR101,Student 101,GP,M,16,U,GT3,T,4,4,services,services,other,mother,1,1,0,yes,yes,no,yes,yes,yes,yes,no,4,5,5,5,5,4,12,9,9,8
SPOR102,Student 102,GP,M,16,U,GT3,T,4,4,services,teacher,other,father,1,3,0,no,yes,no,yes,yes,yes,yes,yes,4,4,3,1,1,4,0,16,16,16
SPOR103,Student 103,GP,M,15,U,GT3,T,4,4,services,other,course,mother,1,1,0,no,yes,yes,yes,no,yes,yes,no,5,3,3,1,1,5,2,12,13,12
SPOR104,Student 104,GP,F,15,U,GT3,T,3,2,services,other,home,mother,2,2,0,yes,yes,no,no,yes,yes,yes,no,4,3,5,1,1,2,16,11,10,10
SPOR105,Student 105,GP,M,15,U,GT3,A,3,4,services,other,course,mother,1,2,0,no,yes,no,yes,yes,yes,yes,no,5,4,4,1,1,1,0,16,16,16
SPOR106,Student 106,GP,F,15,U,GT3,A,3,3,other,health,reputation,father,1,4,0,yes,no,no,no,yes,yes,no,no,4,3,3,1,1,4,10,10,10,10
SPOR107,Student 107,GP,F,15,U,GT3,T,2,2,other,other,course,mother,1,4,0,yes,yes,no,no,yes,yes,yes,no,5,1,2,1,1,3,4,10,10,10
SPOR108,Student 108,GP,M,16,U,GT3,T,3,3,services,other,home,father,1,3,0,no,yes,no,yes,yes,yes,yes,no,5,3,3,1,1,5,4,13,14,14
SPOR109,Student 109,GP,M,15,R,GT3,T,4,4,other,other,home,father,4,4,0,no,yes,no,yes,yes,yes,yes,yes,1,3,5,3,5,1,8,12,10,11
SPOR110,Student 110,GP,F,16,U,LE3,T,4,4,health,health,other,mother,1,3,0,no,yes,no,yes,yes,yes,yes,yes,5,4,5,1,1,4,2,15,15,14
SPOR111,Student 111,GP,M,15,U,LE3,A,4,4,teacher,teacher,course,mother,1,1,0,no,no,no,yes,yes,yes,yes,no,5,5,3,1,1,4,4,13,14,14
SPOR112,Student 112,GP,F,16,R,GT3,T,3,3,services,other,reputation,father,1,3,0,yes,yes,no,yes,yes,yes,yes,no,4,1,2,1,1,2,4,11,11,11
SPOR113,Student 113,GP,F,16,U,GT3,T,2,2,at_home,other,home,mother,1,2,1,yes,no,no,yes,yes,yes,yes,no,3,1,2,1,1,5,12,8,10,10
SPOR114,Student 114,GP,M,15,U,LE3,T,4,2,teacher,other,course,mother,1,1,0,no,no,no,no,yes,yes,yes,no,3,5,2,1,1,3,10,18,17,18
SPOR115,Student 115,GP,M,15,R,GT3,T,2,1,health,services,reputation,mother,1,2,0,no,no,no,yes,yes,yes,yes,yes,5,4,2,1,1,5,4,10,9,10
SPOR116,Student 116,GP,M,16,U,GT3,T,4,4,teacher,teacher,course,father,1,2,0,no,yes,no,yes,yes,yes,yes,no,5,4,4,1,2,5,6,16,14,14
SPOR117,Student 117,GP,M,15,U,GT3,T,4,4,other,teacher,reputation,father,2,2,0,no,yes,no,yes,yes,yes,no,no,4,4,3,1,1,2,4,16,15,16
SPOR118,Student 118,GP,M,16,U,GT3,T,3,3,other,services,home,father,2,1,0,no,no,no,yes,yes,yes,yes,no,5,4,2,1,1,5,6,14,14,15
SPOR119,Student 119,GP,M,17,R,GT3,T,1,3,other,other,course,father,3,2,1,no,yes,no,yes,yes,yes,yes,no,5,2,4,1,4,5,14,12,11,11
SPOR120,Student 120,GP,M,15,U,GT3,T,3,4,other,other,reputation,father,1,1,0,no,no,no,no,yes,yes,yes,no,3,4,3,1,2,4,2,14,13,14
SPOR121,Student 121,GP,F,15,U,GT3,T,1,2,at_home,services,course,mother,1,2,0,no,no,no,no,no,yes,yes,no,3,2,3,1,2,1,0,14,14,14
SPOR122,Student 122,GP,M,15,U,GT3,T,2,2,services,services,home,father,1,4,0,no,yes,no,yes,yes,yes,yes,no,5,5,4,1,2,5,6,14,13,13
SPOR123,Student 123,GP,F,16,U,LE3,T,2,4,other,health,course,father,2,2,0,no,yes,no,yes,yes,yes,yes,yes,4,2,2,1,2,5,2,14,12,13
SPOR124,Student 124,GP,M,16,U,GT3,T,4,4,health,other,course,mother,1,1,0,no,yes,no,yes,yes,yes,yes,no,3,4,4,1,4,5,4,12,13,13
SPOR125,Student 125,GP,F,16,U,GT3,T,2,2,other,other,home,mother,1,2,0,no,no,no,no,yes,yes,yes,yes,5,4,4,1,1,5,0,12,11,11
SPOR126,Student 126,GP,M,15,U,GT3,T,3,4,services,services,home,father,1,1,0,yes,no,no,no,yes,yes,yes,no,5,5,5,3,2,5,2,9,9,9
SPOR127,Student 127,GP,F,15,U,LE3,A,3,4,other,other,home,mother,1,2,0,yes,no,no,yes,yes,yes,yes,yes,5,3,2,1,1,1,0,10,11,11
SPOR128,Student 128,GP,F,19,U,GT3,T,0,1,at_home,other,course,other,1,2,2,no,yes,no,no,no,no,no,no,3,4,2,1,1,5,0,9,10,11
SPOR129,Student 129,GP,M,16,R,GT3,T,4,4,teacher,teacher,course,mother,1,1,0,no,no,no,yes,yes,yes,yes,no,3,5,5,2,5,4,8,14,14,15
SPOR130,Student 130,GP,M,16,U,GT3,T,2,3,other,other,course,mother,2,3,0,no,yes,no,no,no,yes,yes,yes,3,2,3,2,2,1,4,13,12,13
SPOR131,Student 131,GP,F,15,R,GT3,T,3,4,services,teacher,course,father,2,3,0,no,yes,no,no,yes,yes,yes,yes,4,2,2,2,2,5,0,10,11,12
SPOR132,Student 132,GP,F,18,U,GT3,T,2,1,services,other,reputation,mother,1,2,3,no,yes,no,yes,yes,no,yes,yes,5,4,5,1,3,5,10,10,9,8
SPOR133,Student 133,GP,F,17,U,LE3,A,2,1,other,other,course,mother,3,1,0,no,yes,no,no,yes,yes,yes,no,3,2,2,1,2,5,8,11,10,11
SPOR134,Student 134,GP,F,15,U,GT3,T,1,1,at_home,other,course,mother,3,1,0,no,yes,no,yes,no,yes,yes,yes,4,3,3,1,2,4,6,11,12,13
SPOR135,Student 135,GP,F,17,U,LE3,T,2,2,other,other,course,father,1,1,0,no,yes,no,no,yes,yes,yes,yes,3,4,4,1,3,5,2,13,12,12
SPOR136,Student 136,GP,F,16,U,GT3,A,3,4,services,other,course,father,1,1,0,no,no,no,no,yes,yes,yes,no,3,2,1,1,4,5,12,15,13,14
SPOR137,Student 137,GP,M,16,U,GT3,T,2,1,at_home,other,course,mother,4,1,0,no,no,no,no,yes,yes,no,no,3,2,1,1,1,2,4,9,9,11
SPOR138,Student 138,GP,F,16,U,GT3,A,2,2,other,other,home,mother,1,1,1,no,no,no,no,yes,yes,no,no,5,3,4,1,1,5,12,13,11,11
SPOR139,Student 139,GP,M,15,R,GT3,T,3,4,at_home,teacher,course,mother,4,2,0,no,yes,no,no,yes,yes,no,yes,5,3,3,1,1,5,2,12,11,11
SPOR140,Student 140,GP,F,15,U,GT3,T,4,4,services,at_home,course,mother,1,3,0,no,yes,no,yes,yes,yes,yes,yes,4,3,3,1,1,5,4,13,14,15
SPOR141,Student 141,GP,M,17,R,GT3,T,3,4,at_home,other,course,mother,3,2,0,no,no,no,no,yes,yes,no,no,5,4,5,2,4,5,2,10,9,10
SPOR142,Student 142,GP,F,16,R,GT3,T,1,1,at_home,other,course,mother,4,2,0,no,yes,no,no,yes,yes,no,no,5,1,3,1,1,3,0,14,13,13
SPOR143,Student 143,GP,M,18,U,LE3,T,3,1,services,services,course,mother,2,1,0,no,no,no,yes,yes,yes,yes,yes,3,3,4,4,5,4,2,11,11,12
SPOR144,Student 144,GP,F,18,U,GT3,A,3,2,other,services,course,other,1,3,0,no,yes,no,yes,no,yes,yes,yes,4,3,3,5,1,5,10,12,11,11
SPOR145,Student 145,GP,F,16,R,GT3,T,1,1,other,services,reputation,mother,2,1,0,no,yes,no,yes,yes,yes,no,yes,3,3,3,1,2,1,8,12,11,11
SPOR146,Student 146,GP,F,16,U,GT3,A,3,3,other,other,course,other,2,1,0,no,yes,no,yes,no,yes,yes,yes,4,3,2,1,1,5,4,9,9,10
SPOR147,Student 147,GP,M,16,U,LE3,T,1,1,services,other,course,mother,1,2,2,no,no,no,no,yes,yes,no,yes,4,4,4,1,3,5,0,10,10,10
SPOR148,Student 148,GP,F,15,U,GT3,T,4,4,teacher,teacher,course,mother,2,1,0,no,no,no,yes,yes,yes,yes,no,4,3,2,1,1,5,6,13,14,14
SPOR149,Student 149,GP,F,15,R,GT3,T,1,1,other,other,course,mother,3,1,1,no,no,no,yes,yes,yes,yes,yes,5,5,5,1,1,1,2,8,9,9
SPOR150,Student 150,GP,M,15,U,GT3,T,4,3,teacher,services,course,father,2,4,0,yes,yes,no,no,yes,yes,yes,no,2,2,2,1,1,3,6,9,11,11
SPOR151,Student 151,GP,F,15,U,GT3,A,3,3,services,services,home,mother,1,2,0,no,no,no,no,no,yes,no,yes,1,3,2,2,3,1,24,9,8,9
SPOR152,Student 152,GP,M,16,U,GT3,T,4,4,services,services,course,mother,1,3,0,no,yes,no,yes,yes,yes,yes,no,5,3,3,1,3,5,0,15,13,13
SPOR153,Student 153,GP,M,16,U,LE3,T,2,2,services,services,reputation,father,2,1,0,no,yes,no,yes,yes,yes,yes,no,2,3,3,2,2,2,4,12,11,11
SPOR154,Student 154,GP,F,15,U,GT3,T,4,4,teacher,services,course,mother,1,3,0,no,yes,no,yes,yes,yes,yes,no,4,2,2,1,1,5,2,13,13,13
SPOR155,Student 155,GP,F,16,U,LE3,T,1,1,at_home,at_home,course,mother,1,1,0,no,no,no,no,yes,yes,yes,no,3,4,4,3,3,1,4,10,11,11
SPOR156,Student 156,GP,M,17,U,GT3,T,2,1,other,other,home,mother,1,1,0,no,yes,no,no,yes,yes,yes,no,5,4,5,1,2,5,22,9,7,6
SPOR157,Student 157,GP,F,15,U,GT3,T,1,1,other,services,course,father,1,2,0,no,yes,no,no,yes,yes,yes,no,4,4,2,1,2,5,0,12,12,12
SPOR158,Student 158,GP,F,15,U,LE3,A,2,1,at_home,other,home,mother,2,1,0,no,yes,no,yes,yes,no,yes,yes,4,4,2,1,1,5,0,11,10,10
SPOR159,Student 159,GP,F,15,U,GT3,T,3,2,health,services,home,father,1,2,1,no,yes,no,no,yes,yes,yes,no,3,3,2,1,1,3,2,11,11,11
SPOR160,Student 160,GP,F,15,U,GT3,T,1,2,at_home,other,course,mother,1,2,0,no,yes,no,no,no,yes,yes,no,4,3,2,1,1,5,6,13,12,13
SPOR161,Student 161,GP,F,15,U,GT3,T,1,2,at_home,services,course,father,1,2,0,no,no,no,no,no,yes,no,yes,2,3,4,2,4,1,6,11,11,11
SPOR162,Student 162,GP,M,16,U,GT3,T,4,4,teacher,teacher,course,mother,1,1,0,no,yes,no,no,yes,no,yes,yes,3,3,2,2,1,5,16,9,9,8
SPOR163,Student 163,GP,M,15,U,LE3,A,2,1,services,other,course,mother,4,1,0,no,no,no,no,yes,yes,yes,no,4,5,5,2,5,5,0,12,11,11
SPOR164,Student 164,GP,M,18,U,LE3,T,1,1,other,other,course,mother,1,1,2,no,no,no,no,yes,no,yes,yes,2,3,5,2,5,4,0,11,9,0
SPOR165,Student 165,GP,M,16,U,LE3,T,2,1,at_home,other,course,mother,1,1,1,no,no,no,yes,yes,yes,no,yes,4,4,4,3,5,5,6,9,10,10
SPOR166,Student 166,GP,F,15,R,GT3,T,3,3,services,services,reputation,other,2,3,0,no,yes,yes,yes,yes,yes,yes,yes,4,2,1,2,3,3,2,13,13,13
SPOR167,Student 167,GP,M,19,U,GT3,T,3,2,services,at_home,home,mother,1,1,0,no,yes,no,no,yes,no,yes,yes,4,5,4,1,1,4,6,11,9,11
SPOR168,Student 168,GP,F,17,U,GT3,T,4,4,other,teacher,course,mother,1,1,0,yes,yes,no,no,yes,yes,no,yes,4,2,1,1,1,4,0,13,13,13
SPOR169,Student 169,GP,M,15,R,GT3,T,2,3,at_home,services,course,mother,1,2,0,yes,no,yes,yes,yes,yes,no,no,4,4,4,1,1,1,0,7,8,8
SPOR170,Student 170,GP,M,17,R,LE3,T,1,2,other,other,reputation,mother,1,1,3,no,no,no,no,yes,yes,no,no,2,2,2,3,3,5,14,9,8,10
SPOR171,Student 171,GP,F,18,R,GT3,T,1,1,at_home,other,course,mother,3,1,3,no,yes,no,yes,no,yes,no,no,5,2,5,1,5,4,6,11,10,11
SPOR172,Student 172,GP,M,16,R,GT3,T,2,2,at_home,other,course,mother,3,1,0,no,no,no,no,no,yes,no,no,4,2,2,1,2,3,4,12,10,11
SPOR173,Student 173,GP,M,16,U,GT3,T,3,3,other,services,course,father,1,2,1,no,yes,no,no,yes,yes,yes,yes,4,5,5,4,4,5,0,10,10,1
SPOR174,Student 174,GP,M,16,U,LE3,T,1,2,health,services,course,mother,2,1,2,no,no,no,no,no,yes,yes,no,4,4,5,3,5,5,0,9,8,10
SPOR175,Student 175,GP,M,17,R,LE3,T,2,1,at_home,other,course,mother,2,1,1,no,no,yes,yes,yes,no,yes,yes,3,3,2,2,2,5,8,8,8,9
SPOR176,Student 176,GP,M,17,R,GT3,T,3,2,other,other,course,mother,2,2,2,yes,yes,no,no,yes,yes,yes,yes,4,4,4,1,4,3,4,7,6,8
SPOR177,Student 177,GP,M,15,U,LE3,T,1,2,other,other,course,mother,2,1,0,no,no,no,yes,yes,yes,no,no,4,4,4,2,4,5,2,8,9,10
SPOR178,Student 178,GP,M,16,U,GT3,T,1,3,at_home,services,course,father,1,1,1,no,no,no,no,yes,no,yes,no,5,3,3,1,4,2,2,9,8,8
SPOR179,Student 179,GP,M,17,R,LE3,T,1,1,other,services,course,mother,4,2,0,no,no,no,yes,yes,no,no,yes,5,3,5,1,5,5,0,8,8,8
SPOR180,Student 180,GP,M,17,U,GT3,T,3,2,services,services,course,mother,2,1,3,no,yes,no,yes,no,no,no,no,4,5,2,1,1,2,10,8,7,8
SPOR181,Student 181,GP,M,16,U,GT3,T,2,2,other,other,course,father,1,2,0,no,no,no,no,yes,no,yes,no,4,3,5,2,4,4,0,9,10,11
SPOR182,Student 182,GP,F,16,U,GT3,T,4,2,health,services,home,father,1,2,0,no,no,no,no,yes,yes,yes,yes,4,2,3,1,1,3,0,17,17,18
SPOR183,Student 183,GP,F,16,U,GT3,T,2,2,other,other,home,mother,1,2,0,no,yes,no,no,no,yes,yes,no,5,1,5,1,1,4,0,12,12,13
SPOR184,Student 184,GP,F,16,U,GT3,T,4,4,health,health,reputation,mother,1,2,0,no,yes,no,no,yes,yes,yes,yes,4,4,2,1,1,3,0,16,16,17
SPOR185,Student 185,GP,M,16,U,GT3,T,3,4,other,other,course,father,3,1,1,no,yes,no,yes,no,yes,yes,no,3,4,5,2,4,2,4,9,9,10
SPOR186,Student 186,GP,M,16,U,GT3,T,1,0,other,other,reputation,mother,2,2,0,no,yes,no,yes,yes,yes,yes,yes,4,3,2,1,1,3,0,16,17,18
SPOR187,Student 187,GP,M,17,U,LE3,T,4,4,teacher,other,reputation,mother,1,2,0,no,yes,no,yes,yes,yes,yes,no,4,4,4,1,3,5,0,11,9,10
SPOR188,Student 188,GP,F,16,U,GT3,T,1,3,at_home,services,home,mother,1,2,0,no,no,no,yes,no,yes,yes,yes,4,3,5,1,1,3,0,14,13,13
SPOR189,Student 189,GP,F,16,U,LE3,T,3,3,other,other,reputation,mother,2,2,0,no,yes,no,yes,yes,yes,yes,no,4,4,5,1,1,4,0,14,14,15
SPOR190,Student 190,GP,M,17,U,LE3,T,4,3,teacher,other,course,mother,2,2,0,no,no,no,yes,yes,yes,yes,no,4,4,4,4,4,4,0,10,11,11
SPOR191,Student 191,GP,F,16,U,GT3,T,2,2,services,other,reputation,mother,2,2,0,no,no,no,yes,no,yes,yes,no,3,4,4,1,4,5,0,13,12,14
SPOR192,Student 192,GP,M,17,U,GT3,T,3,3,other,other,reputation,father,1,2,0,no,no,no,yes,no,yes,yes,no,4,3,4,1,4,4,4,11,9,10
SPOR193,Student 193,GP,M,16,R,GT3,T,4,2,teacher,services,other,mother,1,1,0,no,yes,no,yes,yes,yes,yes,yes,4,3,3,3,4,3,8,10,9,11
SPOR194,Student 194,GP,M,17,U,GT3,T,4,3,other,other,course,mother,1,2,0,no,yes,yes,yes,yes,yes,yes,yes,5,2,3,1,1,2,4,11,11,13
SPOR195,Student 195,GP,M,16,U,GT3,T,4,3,teacher,other,home,mother,1,2,0,no,yes,yes,yes,yes,yes,yes,no,3,4,3,2,3,3,4,11,10,11
SPOR196,Student 196,GP,M,16,U,GT3,T,3,3,services,other,home,mother,1,2,0,no,no,no,yes,yes,yes,yes,yes,4,2,3,1,2,3,0,11,12,13
SPOR197,Student 197,GP,F,17,U,GT3,T,2,4,services,services,reputation,father,1,2,0,no,yes,no,yes,yes,yes,no,no,5,4,2,2,3,5,0,17,18,17
SPOR198,Student 198,GP,F,17,U,LE3,T,3,3,other,other,reputation,mother,1,2,0,no,yes,no,yes,yes,yes,yes,yes,5,3,3,2,3,1,32,14,13,14
SPOR199,Student 199,GP,F,16,U,GT3,T,3,2,other,other,reputation,mother,1,2,0,no,yes,no,no,yes,yes,yes,no,1,2,2,1,2,1,8,14,15,16
SPOR200,Student 200,GP,M,17,U,GT3,T,3,3,services,services,other,mother,1,2,0,no,yes,no,yes,yes,yes,yes,yes,4,3,4,2,3,4,6,11,13,14
SPOR201,Student 201,GP,M,16,U,GT3,T,1,2,services,services,other,mother,1,1,0,no,yes,no,yes,yes,yes,yes,yes,3,3,3,1,2,3,0,10,9,11
SPOR202,Student 202,GP,M,16,U,LE3,T,2,1,other,other,course,mother,1,2,0,no,no,no,yes,yes,yes,yes,yes,4,2,3,1,2,5,0,13,14,16
SPOR203,Student 203,GP,F,17,U,GT3,A,3,3,health,other,reputation,mother,1,2,0,no,yes,no,no,no,yes,yes,yes,3,3,3,1,3,3,10,12,13,14
SPOR204,Student 204,GP,M,17,R,GT3,T,1,2,at_home,other,home,mother,1,2,0,no,no,no,no,yes,yes,no,no,3,1,3,1,5,3,6,9,9,10
SPOR205,Student 205,GP,F,16,U,GT3,T,2,3,services,services,course,mother,1,2,0,no,no,no,no,yes,yes,yes,no,4,3,3,1,1,2,6,12,12,13
SPOR206,Student 206,GP,F,17,U,GT3,T,1,1,at_home,services,course,mother,1,2,0,no,no,no,yes,yes,yes,yes,no,5,3,3,1,1,3,0,12,11,12
SPOR207,Student 207,GP,M,17,U,GT3,T,1,2,at_home,services,other,other,2,2,0,no,no,no,yes,no,yes,yes,no,4,4,4,4,5,5,16,10,11,12
SPOR208,Student 208,GP,M,16,R,GT3,T,3,3,services,services,reputation,mother,1,1,0,no,yes,no,yes,yes,yes,yes,no,4,3,2,3,4,5,0,11,10,10
SPOR209,Student 209,GP,M,16,U,GT3,T,2,3,other,other,home,father,2,1,0,no,no,no,no,yes,yes,yes,no,5,3,3,1,1,3,0,13,12,12
SPOR210,Student 210,GP,F,17,U,LE3,T,2,4,services,services,course,father,1,2,0,no,no,no,yes,yes,yes,yes,yes,4,3,2,1,1,5,8,14,15,16
SPOR211,Student 211,GP,M,17,U,GT3,T,4,4,services,teacher,home,mother,1,1,0,no,no,no,no,yes,yes,yes,no,5,2,3,1,2,5,4,13,13,14
SPOR212,Student 212,GP,M,16,R,LE3,T,3,3,teacher,other,home,father,3,1,0,no,yes,no,yes,yes,yes,yes,no,3,3,4,3,5,3,16,10,11,12
SPOR213,Student 213,GP,F,17,U,GT3,T,4,4,services,teacher,home,mother,2,1,1,no,yes,no,no,yes,yes,yes,no,4,2,4,2,3,2,30,14,15,16
SPOR214,Student 214,GP,F,16,U,LE3,T,4,4,teacher,teacher,reputation,mother,1,2,0,no,yes,no,no,yes,yes,yes,no,4,5,2,1,2,3,0,11,10,11
SPOR215,Student 215,GP,F,16,U,GT3,T,4,3,health,other,home,mother,1,2,0,no,yes,no,yes,yes,yes,yes,no,4,3,5,1,5,2,2,14,14,15
SPOR216,Student 216,GP,F,16,U,GT3,T,2,3,other,other,reputation,mother,1,2,0,yes,yes,no,yes,yes,yes,no,no,4,4,3,1,3,4,4,11,12,12
SPOR217,Student 217,GP,F,17,U,GT3,T,1,1,other,other,course,mother,1,2,0,no,yes,no,no,no,yes,no,no,4,4,4,1,3,1,0,14,15,15
SPOR218,Student 218,GP,F,17,R,GT3,T,2,2,other,other,reputation,mother,1,1,0,no,yes,no,no,yes,yes,yes,no,5,3,2,1,2,3,21,13,13,13
SPOR219,Student 219,GP,F,16,R,GT3,T,2,2,services,services,reputation,mother,2,4,0,no,yes,no,yes,no,yes,yes,no,5,3,5,1,1,5,6,13,13,13
SPOR220,Student 220,GP,F,17,U,GT3,T,3,4,at_home,services,home,mother,1,3,1,no,yes,yes,no,yes,yes,yes,yes,4,4,3,3,4,5,14,8,9,8
SPOR221,Student 221,GP,F,16,U,GT3,A,3,1,services,other,course,mother,1,2,0,no,yes,no,no,yes,yes,yes,no,2,3,3,2,2,4,2,11,11,12
SPOR222,Student 222,GP,F,16,U,GT3,T,4,3,teacher,other,other,mother,1,2,0,no,no,no,yes,yes,yes,yes,yes,1,3,2,1,1,1,4,14,15,15
SPOR223,Student 223,GP,F,16,U,GT3,T,1,1,at_home,other,home,mother,2,1,0,no,yes,no,no,yes,yes,no,no,4,3,2,1,4,5,2,12,13,13
SPOR224,Student 224,GP,F,17,R,GT3,T,4,3,teacher,other,reputation,mother,2,3,0,no,yes,no,yes,yes,yes,yes,yes,4,4,2,1,1,4,0,11,12,12
SPOR225,Student 225,GP,F,19,U,GT3,T,3,3,other,other,reputation,other,1,4,0,no,yes,no,yes,yes,yes,yes,no,4,3,3,1,2,3,4,12,12,12
SPOR226,Student 226,GP,M,17,U,LE3,T,4,4,services,other,home,mother,1,2,0,no,yes,no,no,yes,yes,yes,yes,5,3,5,4,5,3,15,13,12,12
SPOR227,Student 227,GP,F,16,U,GT3,A,2,2,other,other,reputation,mother,1,2,0,yes,yes,no,no,yes,yes,yes,no,3,3,4,1,1,4,0,13,13,13
SPOR228,Student 228,GP,M,18,U,GT3,T,2,2,services,other,home,mother,1,2,0,no,yes,no,yes,yes,yes,yes,no,4,4,4,2,4,5,10,12,11,11
SPOR229,Student 229,GP,F,17,R,LE3,T,4,4,services,other,other,mother,1,1,0,no,yes,no,no,yes,yes,no,no,5,2,1,1,2,3,6,12,11,11
SPOR230,Student 230,GP,F,17,U,LE3,T,3,2,other,other,reputation,mother,2,2,0,no,no,no,no,yes,yes,yes,no,4,4,4,1,3,1,2,14,16,15
SPOR231,Student 231,GP,F,17,U,GT3,T,4,3,other,other,reputation,mother,1,2,0,no,no,no,no,yes,yes,yes,yes,3,4,5,2,4,1,16,11,9,10
SPOR232,Student 232,GP,M,18,U,LE3,T,3,3,services,health,home,father,1,2,0,no,yes,no,no,yes,yes,yes,no,3,2,4,2,4,4,10,10,10,10
SPOR233,Student 233,GP,F,17,U,GT3,T,2,3,at_home,other,home,father,2,1,0,no,yes,no,no,yes,yes,no,no,3,3,3,1,4,3,4,12,13,13
SPOR234,Student 234,GP,F,17,U,GT3,T,2,2,at_home,at_home,course,mother,1,3,0,no,yes,no,yes,yes,yes,yes,no,4,3,3,1,1,4,0,12,12,13
SPOR235,Student 235,GP,F,17,R,GT3,T,2,1,at_home,services,reputation,mother,2,2,0,no,yes,no,yes,yes,yes,yes,no,4,2,5,1,2,5,0,11,10,11
SPOR236,Student 236,GP,F,17,U,GT3,T,1,1,at_home,other,reputation,mother,1,3,0,no,yes,no,yes,yes,yes,no,yes,4,3,4,1,1,5,12,12,12,12
SPOR237,Student 237,GP,F,16,U,GT3,T,2,3,services,teacher,other,mother,1,2,0,yes,no,no,no,yes,yes,yes,no,2,3,1,1,1,3,0,13,13,14
SPOR238,Student 238,GP,M,18,U,GT3,T,2,2,other,other,home,mother,2,2,3,no,yes,yes,no,yes,yes,yes,no,3,3,3,5,5,4,9,10,9,10
SPOR239,Student 239,GP,F,16,U,GT3,T,4,4,teacher,services,home,mother,1,3,0,no,yes,no,yes,no,yes,yes,no,5,3,2,1,1,5,4,15,16,16
SPOR240,Student 240,GP,F,18,R,GT3,T,3,1,other,other,reputation,mother,1,2,0,no,no,no,yes,yes,yes,yes,yes,5,3,3,1,1,4,4,8,8,8
SPOR241,Student 241,GP,F,17,U,GT3,T,3,2,other,other,course,mother,1,2,0,no,no,no,yes,no,yes,yes,no,5,3,4,1,3,3,2,17,18,17
SPOR242,Student 242,GP,M,17,U,LE3,T,2,3,services,services,reputation,father,1,2,0,no,yes,no,no,no,yes,yes,no,5,3,3,1,3,3,0,10,11,11
SPOR243,Student 243,GP,M,18,U,LE3,T,2,1,at_home,other,course,mother,4,2,0,yes,yes,no,yes,yes,yes,yes,yes,4,3,2,4,5,3,2,9,10,11
SPOR244,Student 244,GP,F,17,U,GT3,A,2,1,other,other,course,mother,2,3,0,no,no,no,yes,yes,yes,yes,yes,3,2,3,1,2,3,0,15,15,16
SPOR245,Student 245,GP,F,17,U,LE3,T,4,3,health,other,reputation,father,1,2,0,no,no,no,yes,yes,yes,yes,yes,3,2,3,1,2,3,0,14,12,12
SPOR246,Student 246,GP,M,17,R,GT3,T,2,2,other,other,course,father,2,2,0,no,yes,no,yes,yes,yes,yes,no,4,5,2,1,1,1,0,12,13,13
SPOR247,Student 247,GP,M,17,U,GT3,T,4,4,teacher,teacher,reputation,mother,1,2,0,yes,yes,no,yes,yes,yes,yes,yes,4,5,5,1,3,2,0,13,13,13
SPOR248,Student 248,GP,M,16,U,GT3,T,4,4,health,other,reputation,father,1,2,0,no,yes,no,yes,yes,yes,yes,no,4,2,4,2,4,1,0,13,13,14
SPOR249,Student 249,GP,M,16,U,LE3,T,1,1,other,other,home,mother,2,2,0,no,yes,no,no,yes,yes,yes,no,3,4,2,1,1,5,2,9,9,9
SPOR250,Student 250,GP,M,16,U,GT3,T,3,2,at_home,other,reputation,mother,2,3,0,no,no,no,yes,yes,yes,yes,yes,5,3,3,1,3,2,0,12,12,12
SPOR251,Student 251,GP,M,17,U,LE3,T,2,2,other,other,home,father,1,2,0,no,no,no,yes,no,yes,yes,yes,4,4,2,5,5,4,0,16,16,16
SPOR252,Student 252,GP,F,16,U,GT3,T,2,1,other,other,home,mother,1,1,0,no,no,no,no,yes,yes,yes,yes,4,5,2,1,1,5,4,9,10,10
SPOR253,Student 253,GP,F,16,U,GT3,A,4,1,other,other,home,mother,1,2,0,no,no,no,yes,yes,yes,yes,yes,5,3,3,1,2,5,0,14,13,13
SPOR254,Student 254,GP,F,18,U,LE3,A,2,4,services,other,course,mother,2,2,1,no,yes,no,no,yes,yes,yes,no,4,3,3,1,1,3,18,10,10,10
SPOR255,Student 255,GP,F,18,U,LE3,T,2,2,at_home,services,course,mother,1,2,1,no,yes,no,no,no,yes,yes,yes,5,3,1,1,1,5,16,9,8,10
SPOR256,Student 256,GP,F,18,U,GT3,T,3,3,other,other,course,mother,2,1,1,no,no,no,no,yes,no,yes,no,4,1,1,1,1,3,14,8,7,7
SPOR257,Student 257,GP,M,18,U,GT3,T,2,2,other,at_home,course,other,1,1,1,no,yes,no,yes,no,no,yes,yes,4,4,3,2,2,1,26,7,8,8
SPOR258,Student 258,GP,M,17,U,GT3,T,4,4,teacher,teacher,course,mother,1,1,0,no,yes,no,yes,no,yes,yes,no,4,2,1,1,2,5,6,10,8,9
SPOR259,Student 259,GP,F,17,U,GT3,T,3,2,other,other,course,father,1,2,0,no,no,no,yes,yes,yes,no,no,5,4,2,1,1,3,4,14,14,15
SPOR260,Student 260,GP,F,17,U,LE3,T,1,1,at_home,at_home,course,mother,1,3,0,no,yes,no,yes,yes,yes,yes,yes,4,3,2,1,2,4,10,11,10,10
SPOR261,Student 261,GP,F,16,U,GT3,T,1,2,other,other,course,mother,1,1,0,no,no,no,no,yes,no,yes,no,5,3,5,1,2,5,4,12,11,11
SPOR262,Student 262,GP,F,17,R,GT3,T,2,1,at_home,services,course,mother,3,2,0,no,no,no,yes,yes,yes,no,no,2,1,1,1,1,3,2,13,13,13
SPOR263,Student 263,GP,F,17,R,LE3,A,1,4,other,other,course,other,4,1,1,no,yes,no,no,yes,yes,yes,no,5,5,4,1,1,5,14,9,9,8
SPOR264,Student 264,GP,M,18,U,GT3,T,2,2,other,services,reputation,father,1,2,0,no,no,no,no,yes,no,yes,no,5,5,4,3,5,2,16,8,7,8
SPOR265,Student 265,GP,F,17,U,LE3,A,2,2,other,other,home,mother,1,1,1,no,yes,no,no,no,no,yes,no,3,1,2,1,1,1,8,11,9,10
SPOR266,Student 266,GP,F,17,R,LE3,T,1,1,at_home,other,course,mother,2,3,0,no,no,no,yes,yes,yes,yes,no,4,3,3,1,3,5,4,15,14,15
SPOR267,Student 267,GP,F,17,U,LE3,A,4,2,teacher,other,course,mother,1,2,0,no,yes,no,yes,yes,yes,no,no,4,3,2,1,1,4,4,15,14,14
SPOR268,Student 268,GP,M,17,U,LE3,T,4,3,health,other,course,mother,2,2,0,no,no,no,yes,yes,yes,yes,yes,2,5,5,1,4,5,8,15,15,15
SPOR269,Student 269,GP,M,17,R,LE3,A,4,4,teacher,other,course,mother,2,2,0,no,yes,no,no,yes,yes,yes,no,3,3,3,2,3,4,0,12,12,12
SPOR270,Student 270,GP,M,16,U,LE3,T,4,3,teacher,other,course,mother,1,1,0,no,no,no,yes,no,yes,yes,no,5,4,5,1,1,3,7,14,14,15
SPOR271,Student 271,GP,M,16,U,GT3,T,4,4,services,services,course,mother,1,1,0,no,no,yes,yes,yes,yes,yes,no,5,3,2,1,2,5,4,14,15,15
SPOR272,Student 272,GP,F,17,U,GT3,T,4,4,teacher,services,course,mother,1,2,0,no,yes,yes,no,yes,yes,yes,yes,5,3,1,1,4,5,2,11,11,12
SPOR273,Student 273,GP,M,17,R,GT3,T,1,1,other,other,home,father,2,3,0,no,no,no,no,no,yes,yes,yes,4,3,3,1,1,1,2,13,14,15
SPOR274,Student 274,GP,F,17,U,GT3,T,3,3,services,other,home,mother,2,3,0,no,yes,no,no,yes,yes,yes,yes,4,2,2,2,3,5,10,11,11,11
SPOR275,Student 275,GP,F,17,U,GT3,T,1,1,at_home,other,course,mother,1,2,0,yes,no,no,no,no,yes,no,yes,4,3,2,1,1,4,10,10,9,10
SPOR276,Student 276,GP,F,18,U,GT3,T,2,1,other,other,course,other,2,3,0,no,yes,no,no,no,yes,yes,yes,4,4,4,1,1,3,10,12,10,11
SPOR277,Student 277,GP,M,16,U,GT3,T,2,1,other,other,course,mother,3,1,0,no,no,no,no,yes,yes,yes,no,4,3,3,1,1,4,7,15,16,16
SPOR278,Student 278,GP,F,17,U,GT3,T,1,1,other,services,course,father,1,2,0,no,yes,no,no,yes,yes,no,no,4,3,4,1,2,5,4,11,10,11
SPOR279,Student 279,GP,M,17,U,GT3,T,2,3,other,other,course,father,2,1,0,no,no,no,no,yes,yes,yes,no,5,2,2,1,1,2,2,9,12,13
SPOR280,Student 280,GP,M,22,U,GT3,T,3,1,services,services,other,mother,1,1,3,no,no,no,no,no,no,yes,yes,5,4,5,5,5,1,12,7,8,5
SPOR281,Student 281,GP,M,18,R,LE3,T,3,3,other,services,course,mother,1,2,0,no,yes,no,no,yes,yes,yes,yes,4,3,3,1,3,5,8,10,9,10
SPOR282,Student 282,GP,M,16,U,GT3,T,0,2,other,other,other,mother,1,1,0,no,no,no,no,no,yes,yes,no,4,3,2,2,4,5,0,11,12,11
SPOR283,Student 283,GP,M,18,U,GT3,T,3,2,services,other,course,mother,2,1,0,no,no,no,no,yes,no,yes,no,4,4,5,2,4,5,8,7,8,7
SPOR284,Student 284,GP,M,16,U,GT3,T,3,3,at_home,other,reputation,other,3,2,1,yes,yes,no,no,no,yes,yes,no,5,3,3,1,3,2,4,9,11,10
SPOR285,Student 285,GP,M,18,U,GT3,T,2,1,services,services,other,mother,1,1,2,no,no,no,no,no,no,yes,no,3,2,5,2,5,5,4,7,8,6
SPOR286,Student 286,GP,M,16,R,GT3,T,2,1,other,other,course,mother,2,1,0,no,no,no,yes,no,yes,no,no,3,3,2,1,3,3,2,14,13,12
SPOR287,Student 287,GP,M,17,R,GT3,T,2,1,other,other,course,mother,1,1,0,no,no,no,no,no,yes,yes,no,4,4,2,2,4,5,0,12,12,13
SPOR288,Student 288,GP,M,17,U,LE3,T,1,1,health,other,course,mother,2,1,1,no,yes,no,yes,yes,yes,yes,no,4,4,4,1,2,5,0,9,10,10
SPOR289,Student 289,GP,F,18,U,LE3,A,2,1,other,other,course,mother,1,2,0,no,yes,no,no,no,yes,yes,yes,4,3,4,1,3,5,2,12,12,13
SPOR290,Student 290,GP,F,17,U,LE3,T,4,2,teacher,services,reputation,mother,1,4,0,no,yes,no,yes,yes,yes,yes,no,4,2,3,1,1,4,2,14,15,17
SPOR291,Student 291,GP,F,19,U,GT3,T,2,2,services,services,home,mother,1,2,0,no,yes,no,no,yes,yes,yes,no,4,3,3,1,1,5,0,10,10,11
SPOR292,Student 292,GP,M,18,U,LE3,T,2,1,services,other,course,mother,3,2,1,no,no,no,yes,no,no,yes,no,4,4,5,4,4,5,4,11,10,11
SPOR293,Student 293,GP,F,17,R,GT3,T,4,2,other,other,course,mother,1,3,0,no,yes,no,yes,yes,yes,yes,no,4,3,4,1,3,5,2,11,12,14
SPOR294,Student 294,GP,F,18,U,LE3,T,1,1,other,at_home,home,mother,1,3,0,no,yes,no,no,no,yes,no,no,4,4,3,2,3,3,4,11,12,14
SPOR295,Student 295,GP,F,18,R,GT3,T,2,2,other,other,home,mother,1,2,0,yes,no,no,no,yes,yes,no,no,3,2,3,1,1,5,4,11,11,13
SPOR296,Student 296,GP,M,19,U,LE3,A,4,3,services,at_home,reputation,mother,1,2,0,no,yes,no,no,yes,yes,yes,no,4,3,1,1,1,1,4,11,13,14
SPOR297,Student 297,GP,M,18,U,GT3,T,2,1,other,other,home,mother,1,2,0,no,no,no,yes,yes,yes,yes,no,5,2,4,1,2,4,2,16,16,16
SPOR298,Student 298,GP,M,17,R,GT3,T,2,2,other,services,other,mother,2,1,0,no,no,no,no,no,no,no,no,5,2,2,1,1,4,0,9,10,10
SPOR299,Student 299,GP,F,17,U,LE3,T,2,2,services,services,course,father,1,4,0,no,no,no,yes,yes,yes,yes,yes,3,4,1,1,1,2,2,10,11,12
SPOR300,Student 300,GP,F,20,R,GT3,T,2,1,other,other,course,other,2,2,0,no,yes,yes,yes,yes,no,yes,yes,1,2,3,1,2,2,8,10,12,12
SPOR301,Student 301,GP,F,18,U,GT3,T,4,3,services,other,home,father,1,2,0,no,yes,no,no,yes,yes,yes,yes,3,1,2,1,3,2,2,15,15,15
SPOR302,Student 302,GP,M,18,U,GT3,T,4,3,teacher,other,course,mother,1,2,0,no,yes,no,no,no,yes,yes,no,4,3,2,1,1,3,2,10,10,11
SPOR303,Student 303,GP,M,18,R,GT3,T,3,2,other,other,course,mother,1,3,0,no,no,no,yes,no,yes,no,no,5,3,2,1,1,3,2,10,11,12
SPOR304,Student 304,GP,F,17,U,GT3,T,3,3,other,other,home,mother,1,3,0,no,no,no,yes,no,yes,no,no,3,2,3,1,1,4,2,15,12,13
SPOR305,Student 305,GP,F,18,U,GT3,T,2,2,at_home,services,home,mother,1,3,0,no,yes,no,yes,yes,yes,yes,yes,4,3,3,1,1,3,0,11,12,13
SPOR306,Student 306,GP,M,17,U,GT3,T,2,2,other,other,home,father,2,1,0,no,no,no,no,yes,no,yes,no,4,4,4,2,3,4,8,8,8,9
SPOR307,Student 307,GP,M,18,R,LE3,A,3,4,other,other,reputation,mother,2,2,0,no,yes,no,yes,yes,yes,yes,no,4,2,5,3,4,1,6,15,16,16
SPOR308,Student 308,GP,M,17,U,GT3,T,3,1,services,other,other,mother,1,2,0,no,no,no,yes,yes,yes,yes,yes,5,4,4,3,4,5,0,11,11,14
SPOR309,Student 309,GP,F,18,R,GT3,T,4,4,teacher,other,reputation,mother,2,2,0,no,no,no,yes,yes,yes,yes,no,4,3,4,2,2,4,8,10,11,12
SPOR310,Student 310,GP,M,18,U,GT3,T,4,2,health,other,reputation,father,1,2,0,no,yes,no,yes,yes,yes,yes,yes,5,4,5,1,3,5,4,10,12,14
SPOR311,Student 311,GP,F,18,R,GT3,T,2,1,other,other,reputation,mother,2,2,0,no,yes,no,no,yes,no,yes,yes,4,3,5,1,2,3,12,8,9,10
SPOR312,Student 312,GP,F,19,U,GT3,T,3,3,other,services,home,other,1,2,0,no,yes,no,yes,yes,yes,yes,no,4,3,5,3,3,5,16,11,12,12
SPOR313,Student 313,GP,F,18,U,GT3,T,2,3,other,services,reputation,father,1,4,0,no,yes,no,yes,yes,yes,yes,yes,4,5,5,1,3,2,10,16,16,16
SPOR314,Student 314,GP,F,18,U,LE3,T,1,1,other,other,home,mother,2,2,0,no,yes,no,no,no,yes,no,no,4,4,3,1,1,3,2,13,13,13
SPOR315,Student 315,GP,M,17,R,GT3,T,1,2,at_home,at_home,home,mother,1,2,0,no,yes,no,yes,no,yes,no,yes,3,5,2,2,2,1,2,16,17,18
SPOR316,Student 316,GP,F,18,U,GT3,T,2,1,other,other,home,mother,1,2,0,no,yes,no,no,yes,yes,yes,yes,4,2,5,1,2,1,8,14,14,15
SPOR317,Student 317,GP,F,17,U,GT3,T,2,4,at_home,health,reputation,mother,2,2,0,no,yes,no,no,yes,yes,yes,yes,4,3,3,1,1,1,6,15,16,16
SPOR318,Student 318,GP,F,17,U,LE3,T,2,2,services,other,course,mother,2,2,0,yes,yes,no,no,yes,yes,yes,yes,4,4,4,2,3,5,6,12,12,12
SPOR319,Student 319,GP,F,18,R,GT3,A,3,2,other,services,home,mother,2,2,0,no,no,no,no,no,no,yes,yes,4,1,1,1,1,5,15,12,9,10
SPOR320,Student 320,GP,M,18,U,GT3,T,4,4,teacher,services,home,mother,2,1,0,no,no,no,yes,yes,yes,yes,no,3,2,4,1,4,3,6,11,12,12
SPOR321,Student 321,GP,F,18,U,GT3,T,4,4,health,health,reputation,father,1,2,1,yes,yes,no,yes,yes,yes,yes,yes,2,4,4,1,1,4,2,14,12,13
SPOR322,Student 322,GP,F,17,U,GT3,T,2,2,other,services,reputation,father,3,3,0,no,yes,no,no,yes,yes,yes,yes,4,2,3,1,1,1,8,13,15,15
SPOR323,Student 323,GP,F,19,R,GT3,T,3,2,services,services,reputation,father,1,2,1,yes,yes,no,no,yes,no,yes,no,3,3,3,4,3,3,0,9,8,10
SPOR324,Student 324,GP,M,18,U,LE3,T,4,3,teacher,services,course,mother,2,1,0,no,no,no,yes,yes,yes,yes,no,4,2,3,1,2,1,0,10,10,10
SPOR325,Student 325,GP,M,18,U,GT3,T,1,2,at_home,other,home,other,2,1,0,no,no,no,no,no,no,yes,no,3,4,4,2,4,4,10,10,10,11
SPOR326,Student 326,GP,M,17,U,LE3,A,4,1,services,other,home,mother,2,1,0,no,no,no,yes,yes,yes,yes,yes,4,5,4,2,4,5,22,11,11,10
SPOR327,Student 327,GP,M,17,U,LE3,A,3,2,teacher,services,home,mother,1,1,0,no,no,no,no,yes,yes,yes,no,4,4,4,3,4,3,18,13,13,13
SPOR328,Student 328,GP,F,18,R,LE3,T,1,1,at_home,other,reputation,mother,2,4,0,no,yes,no,yes,yes,yes,no,no,5,2,2,1,1,3,2,17,17,18
SPOR329,Student 329,GP,F,18,U,GT3,T,1,1,other,other,home,mother,2,2,0,yes,no,no,yes,yes,yes,yes,no,5,4,4,1,1,4,0,12,13,13
SPOR330,Student 330,GP,F,17,U,GT3,T,2,2,other,other,course,mother,1,2,0,no,yes,no,no,no,yes,yes,no,5,4,5,1,2,5,12,12,12,14
SPOR331,Student 331,GP,F,18,U,GT3,T,2,1,other,other,reputation,mother,2,2,0,no,no,no,yes,yes,yes,yes,yes,4,3,1,1,1,5,10,12,13,14
SPOR332,Student 332,GP,M,17,U,GT3,T,1,1,other,other,reputation,father,1,2,0,no,no,no,no,no,yes,yes,no,4,3,3,1,2,4,0,12,12,12
SPOR333,Student 333,GP,F,18,U,GT3,T,2,2,at_home,at_home,other,mother,1,3,0,no,yes,no,no,yes,yes,yes,no,4,3,3,1,2,2,0,18,18,18
SPOR334,Student 334,GP,F,17,U,GT3,T,1,1,services,teacher,reputation,mother,1,3,0,no,yes,no,no,yes,yes,yes,no,4,3,3,1,1,3,0,13,13,14
SPOR335,Student 335,GP,M,18,U,GT3,T,2,1,services,services,reputation,mother,1,3,0,no,no,no,yes,yes,yes,yes,no,4,2,4,1,3,2,0,14,15,15
SPOR336,Student 336,GP,M,18,U,LE3,A,4,4,teacher,teacher,reputation,mother,1,2,0,no,yes,no,yes,yes,yes,yes,no,5,4,3,1,1,2,0,17,17,17
SPOR337,Student 337,GP,M,18,U,GT3,T,4,2,teacher,other,home,mother,1,2,0,no,yes,no,yes,yes,yes,yes,yes,4,3,2,1,4,5,2,15,16,16
SPOR338,Student 338,GP,F,17,U,GT3,T,4,3,health,services,reputation,mother,1,3,0,no,yes,no,no,yes,yes,yes,no,4,2,2,1,2,3,0,17,18,18
SPOR339,Student 339,GP,F,17,R,LE3,T,3,1,services,other,reputation,mother,2,4,0,no,yes,no,no,yes,yes,no,no,3,1,2,1,1,3,0,18,19,19
SPOR340,Student 340,GP,M,18,R,LE3,T,3,2,services,other,reputation,mother,2,3,0,no,yes,no,yes,yes,yes,yes,no,5,4,2,1,1,4,0,14,15,15
SPOR341,Student 341,GP,M,17,U,GT3,T,3,3,health,other,home,mother,1,1,0,no,yes,no,no,yes,yes,yes,no,4,4,3,1,3,5,0,14,15,15
SPOR342,Student 342,GP,F,19,U,GT3,T,4,4,health,other,reputation,other,2,2,0,no,yes,no,yes,yes,yes,yes,no,2,3,4,2,3,2,2,14,13,13
SPOR343,Student 343,GP,F,18,U,LE3,T,4,3,other,other,home,other,2,2,0,no,yes,no,no,yes,yes,yes,yes,4,4,5,1,2,2,0,13,14,14
SPOR344,Student 344,GP,F,18,U,GT3,T,4,3,other,other,reputation,father,1,4,0,no,yes,no,no,yes,yes,yes,no,4,3,3,1,1,3,0,16,17,17
SPOR345,Student 345,GP,M,18,U,LE3,T,4,4,teacher,teacher,home,mother,1,1,0,no,yes,no,no,yes,yes,yes,yes,1,4,2,2,2,1,0,18,18,17
SPOR346,Student 346,GP,F,18,U,LE3,A,4,4,health,other,home,mother,1,2,0,no,yes,yes,no,yes,yes,yes,yes,4,2,4,1,1,4,0,14,15,15
SPOR347,Student 347,GP,M,17,U,LE3,T,4,4,other,teacher,home,father,2,1,0,no,no,no,no,yes,yes,yes,no,4,1,1,2,2,5,0,12,13,13
SPOR348,Student 348,GP,F,17,R,GT3,T,4,4,services,services,reputation,mother,2,3,0,no,yes,no,yes,yes,yes,yes,no,5,3,4,1,1,5,0,7,7,8
SPOR349,Student 349,GP,F,17,U,GT3,T,4,2,other,other,reputation,mother,2,3,0,no,yes,no,no,yes,yes,yes,no,4,3,3,1,1,3,0,16,16,16
SPOR350,Student 350,GP,F,17,U,GT3,T,3,2,health,health,reputation,father,1,4,0,no,yes,no,yes,no,yes,yes,no,5,2,2,1,2,5,0,18,18,18
SPOR351,Student 351,GP,M,19,R,LE3,T,2,1,at_home,services,course,mother,2,3,1,no,no,no,yes,yes,yes,yes,yes,4,3,1,1,1,5,0,9,10,11
SPOR352,Student 352,GP,M,20,U,GT3,A,3,2,services,other,course,other,1,1,2,no,no,no,yes,yes,yes,no,no,5,5,3,1,1,5,0,14,15,15
SPOR353,Student 353,GP,M,19,R,GT3,T,3,3,other,services,reputation,father,1,2,0,no,no,no,yes,yes,yes,no,yes,4,5,3,1,2,5,0,10,10,11
SPOR354,Student 354,GP,F,18,U,GT3,T,1,4,other,teacher,home,mother,1,2,0,yes,yes,no,no,no,yes,no,yes,3,4,4,1,2,5,2,10,10,11
SPOR355,Student 355,GP,F,18,U,GT3,T,2,1,services,other,course,mother,2,2,0,no,yes,no,yes,yes,yes,yes,no,5,3,3,1,2,1,2,12,12,15
SPOR356,Student 356,GP,F,17,U,GT3,T,2,3,other,other,course,father,2,2,0,no,no,no,yes,yes,yes,yes,yes,4,2,1,1,1,3,2,11,12,14
SPOR357,Student 357,GP,F,17,R,GT3,T,4,4,teacher,teacher,course,mother,1,1,0,no,no,no,yes,yes,yes,yes,no,4,4,4,1,1,5,2,15,16,17
SPOR358,Student 358,GP,F,18,U,GT3,T,4,3,other,other,course,mother,1,3,0,no,yes,no,yes,yes,yes,yes,yes,4,3,4,1,1,5,2,14,15,17
SPOR359,Student 359,GP,F,18,U,LE3,T,4,3,health,services,course,mother,2,1,0,no,yes,no,no,yes,yes,yes,no,3,2,4,1,4,1,8,12,12,15
SPOR360,Student 360,GP,F,17,R,GT3,T,3,4,at_home,services,course,father,1,3,0,no,yes,no,yes,no,yes,yes,no,4,3,4,2,5,5,2,15,15,17
SPOR361,Student 361,GP,F,18,U,GT3,T,3,3,at_home,other,course,father,1,2,0,no,yes,no,no,yes,yes,yes,no,4,1,4,1,1,3,8,11,12,14
SPOR362,Student 362,GP,M,19,U,GT3,T,4,2,health,other,course,mother,2,2,0,no,yes,no,yes,yes,yes,yes,yes,5,4,4,1,1,1,9,11,10,10
SPOR363,Student 363,GP,F,18,U,GT3,T,4,4,teacher,other,course,mother,1,2,0,no,yes,no,no,yes,yes,yes,no,4,4,4,3,3,5,0,12,11,13
SPOR364,Student 364,GP,F,18,U,GT3,T,3,4,other,other,course,mother,1,1,0,no,yes,no,yes,yes,yes,yes,yes,5,4,4,1,1,1,4,11,12,14
SPOR365,Student 365,GP,F,17,U,GT3,T,4,4,health,health,course,mother,1,1,0,no,no,no,yes,yes,yes,yes,no,5,3,4,1,2,5,2,14,15,17
SPOR366,Student 366,GP,F,17,U,GT3,A,4,3,services,services,course,mother,1,2,0,no,yes,no,no,yes,yes,yes,yes,5,2,2,1,2,5,14,15,14,17
SPOR367,Student 367,GP,F,17,U,LE3,A,3,3,services,other,home,mother,1,2,0,yes,yes,no,no,yes,yes,yes,no,5,3,3,1,1,5,0,12,12,13
SPOR368,Student 368,GP,F,17,U,LE3,T,2,1,other,other,home,father,1,2,0,no,no,no,yes,yes,yes,yes,no,4,2,3,2,2,2,2,11,12,14
SPOR369,Student 369,GP,M,18,U,LE3,T,4,4,other,other,reputation,father,1,1,0,no,yes,no,no,yes,yes,yes,no,4,2,5,3,4,5,2,8,9,11
SPOR370,Student 370,GP,F,19,U,GT3,T,1,1,other,other,course,other,3,3,0,no,no,no,yes,yes,no,no,yes,1,5,5,4,3,5,12,10,10,11
SPOR371,Student 371,GP,F,19,U,LE3,A,1,1,other,other,course,other,3,2,2,no,yes,no,no,no,yes,yes,yes,5,3,4,1,1,4,2,8,8,9
SPOR372,Student 372,GP,F,18,U,GT3,T,2,2,other,other,course,mother,1,1,0,no,yes,no,yes,yes,yes,yes,yes,4,3,5,2,4,5,2,10,10,10
SPOR373,Student 373,GP,F,17,U,GT3,T,2,2,other,other,course,mother,1,2,0,no,yes,no,no,yes,yes,no,yes,4,2,2,1,1,3,4,14,13,13
SPOR374,Student 374,GP,F,17,R,LE3,T,2,2,services,services,course,mother,1,3,0,no,yes,no,yes,yes,yes,yes,no,3,3,2,2,2,3,0,11,11,10
SPOR375,Student 375,GP,F,17,U,GT3,T,3,1,services,services,course,father,1,3,0,no,yes,no,no,no,yes,yes,no,3,4,3,2,3,5,0,17,18,17
SPOR376,Student 376,GP,F,17,U,LE3,T,0,2,at_home,at_home,home,father,2,3,0,no,no,no,no,yes,yes,yes,no,3,3,3,2,3,2,0,14,14,15
SPOR377,Student 377,GP,F,18,U,GT3,T,1,1,other,other,home,mother,2,3,0,no,no,no,yes,yes,yes,yes,no,4,5,5,1,2,2,0,14,14,14
SPOR378,Student 378,GP,M,18,U,GT3,T,4,4,other,other,course,mother,1,3,0,no,no,no,yes,yes,yes,yes,no,4,3,3,2,2,3,0,13,14,13
SPOR379,Student 379,GP,M,17,U,GT3,T,3,3,other,services,reputation,mother,1,1,0,no,no,no,yes,no,yes,yes,no,4,3,5,3,5,5,0,17,18,17
SPOR380,Student 380,GP,M,17,R,GT3,T,2,2,services,other,course,mother,4,1,0,no,yes,no,no,yes,yes,yes,no,4,4,5,5,5,4,2,11,10,10
SPOR381,Student 381,GP,F,17,U,GT3,T,4,4,teacher,services,course,mother,1,3,0,no,yes,no,yes,yes,yes,yes,no,5,4,4,1,3,4,0,13,12,13
SPOR382,Student 382,GP,F,17,U,GT3,T,4,4,teacher,teacher,course,mother,2,3,0,no,yes,no,no,no,yes,yes,yes,4,3,3,1,2,4,4,15,14,15
SPOR383,Student 383,GP,F,17,U,GT3,T,3,3,at_home,other,course,mother,1,1,0,no,yes,yes,yes,yes,yes,yes,no,4,2,5,2,5,5,2,11,12,11
SPOR384,Student 384,GP,M,18,U,LE3,T,2,2,other,other,course,mother,1,4,0,no,yes,yes,yes,yes,yes,yes,no,4,5,5,2,4,5,0,11,11,12
SPOR385,Student 385,GP,M,19,R,GT3,T,3,2,at_home,services,home,other,1,1,0,no,yes,no,no,no,yes,no,yes,5,3,4,2,2,5,0,11,10,10
SPOR386,Student 386,GP,F,18,U,GT3,T,2,2,at_home,other,course,mother,4,2,0,no,no,no,yes,yes,yes,no,yes,4,2,5,1,1,2,2,10,9,10
SPOR387,Student 387,GP,F,17,R,GT3,T,2,4,at_home,other,course,father,1,3,0,no,yes,no,no,yes,yes,yes,yes,4,4,3,1,1,5,0,15,15,15
SPOR388,Student 388,GP,M,18,U,GT3,T,2,2,other,other,reputation,mother,1,1,0,no,no,no,no,no,yes,yes,no,5,4,2,1,2,5,6,15,14,15
SPOR389,Student 389,GP,F,18,U,GT3,T,3,3,services,services,home,mother,1,2,0,no,no,no,yes,yes,yes,yes,no,5,3,4,1,1,4,8,10,11,12
SPOR390,Student 390,GP,F,18,U,LE3,T,2,2,other,other,home,other,1,2,0,no,no,no,yes,no,yes,yes,yes,4,3,3,1,1,2,0,10,9,12
SPOR391,Student 391,GP,F,18,R,GT3,T,2,2,at_home,other,course,mother,2,4,0,no,no,no,yes,yes,yes,no,no,4,4,4,1,1,4,6,14,13,14
SPOR392,Student 392,GP,F,17,U,GT3,T,3,4,services,other,course,mother,1,3,0,no,no,no,no,yes,yes,yes,no,4,4,5,1,3,5,8,11,13,14
SPOR393,Student 393,GP,F,17,U,GT3,T,3,2,other,other,home,mother,1,2,0,no,yes,no,no,yes,yes,yes,yes,4,3,2,2,3,2,0,12,13,15
SPOR394,Student 394,GP,F,18,U,LE3,T,3,3,services,services,home,mother,1,4,0,no,yes,no,no,yes,yes,yes,no,5,3,3,1,1,1,4,14,14,15
SPOR395,Student 395,GP,F,17,R,GT3,A,3,2,other,other,home,mother,1,2,0,no,yes,no,no,yes,yes,yes,no,4,3,3,2,3,2,0,14,14,16
SPOR396,Student 396,GP,M,18,U,GT3,T,4,4,teacher,services,home,father,1,2,0,no,yes,no,yes,yes,yes,yes,no,4,3,3,2,2,2,0,12,12,13
SPOR397,Student 397,GP,M,18,U,LE3,T,3,4,services,other,home,mother,1,2,0,no,no,no,yes,yes,yes,yes,yes,4,3,3,1,3,5,6,16,16,17
SPOR398,Student 398,GP,F,17,U,GT3,A,2,2,at_home,at_home,home,father,1,2,0,no,yes,no,no,yes,yes,yes,yes,3,3,1,1,2,4,18,10,12,14
SPOR399,Student 399,GP,F,18,U,GT3,T,2,3,at_home,other,course,mother,1,3,0,no,yes,no,no,yes,yes,yes,no,4,3,3,1,2,3,0,11,12,14
SPOR400,Student 400,GP,F,18,U,GT3,T,3,2,other,services,other,mother,1,3,0,no,no,no,no,yes,yes,yes,yes,5,4,3,2,3,1,4,14,16,17
SPOR401,Student 401,GP,M,18,R,GT3,T,4,3,teacher,services,course,mother,1,3,0,no,no,no,no,yes,yes,yes,yes,5,3,2,1,2,4,4,15,14,17
SPOR402,Student 402,GP,M,18,U,GT3,T,4,3,teacher,other,course,mother,1,3,0,no,yes,no,no,yes,yes,yes,yes,5,4,5,2,3,5,0,14,13,14
SPOR403,Student 403,GP,F,17,U,GT3,T,4,3,health,other,reputation,mother,1,3,0,no,yes,no,yes,yes,yes,yes,yes,4,4,3,1,3,4,0,11,12,13
SPOR404,Student 404,GP,F,17,U,GT3,T,2,1,services,other,course,mother,2,2,0,no,yes,no,yes,yes,yes,yes,yes,4,3,4,2,2,1,10,12,15,15
SPOR405,Student 405,GP,F,17,U,GT3,T,2,1,services,other,reputation,mother,1,2,0,no,yes,no,yes,yes,yes,yes,no,4,3,5,2,4,4,4,12,16,16
SPOR406,Student 406,GP,F,19,U,LE3,A,2,3,at_home,other,home,other,2,1,1,no,no,no,no,yes,no,yes,no,2,2,3,3,4,5,16,10,11,11
SPOR407,Student 407,GP,F,17,U,GT3,T,3,1,other,at_home,home,mother,1,1,1,no,yes,yes,no,yes,yes,yes,yes,4,1,2,1,1,3,6,10,13,13
SPOR408,Student 408,GP,F,21,U,LE3,T,4,4,other,other,reputation,other,1,3,2,no,no,yes,yes,yes,yes,yes,no,3,3,2,1,1,5,0,9,12,12
SPOR409,Student 409,GP,M,18,U,LE3,T,2,2,services,services,reputation,mother,1,2,0,no,yes,no,yes,no,no,yes,no,4,4,4,1,3,3,11,9,11,12
SPOR410,Student 410,GP,M,18,U,LE3,A,3,4,other,other,reputation,other,1,2,0,no,no,no,yes,yes,yes,yes,yes,4,3,5,1,4,2,9,13,14,15
SPOR411,Student 411,GP,F,17,U,GT3,T,2,2,services,services,reputation,mother,1,2,0,no,yes,no,yes,yes,yes,yes,no,4,3,4,1,3,4,0,13,17,17
SPOR412,Student 412,GP,M,17,U,LE3,A,4,4,health,other,reputation,mother,1,3,0,no,yes,no,no,yes,yes,yes,no,4,4,2,1,2,4,2,12,15,15
SPOR413,Student 413,GP,F,18,U,LE3,T,4,2,teacher,other,course,mother,1,2,0,no,yes,no,yes,yes,yes,yes,no,4,2,2,1,1,3,0,14,17,17
SPOR414,Student 414,GP,M,21,R,LE3,T,1,1,at_home,other,course,other,2,2,2,no,yes,no,yes,yes,no,yes,yes,5,3,3,5,2,4,21,9,10,10
SPOR415,Student 415,GP,F,20,R,GT3,T,1,1,other,other,reputation,other,2,3,0,no,no,no,no,yes,yes,yes,yes,3,2,2,1,3,3,8,11,15,15
SPOR416,Student 416,GP,F,19,U,GT3,T,4,4,teacher,other,home,other,1,1,1,no,yes,no,no,yes,yes,yes,yes,3,2,5,4,4,5,5,9,10,11
SPOR417,Student 417,GP,M,17,U,LE3,A,3,2,other,other,reputation,mother,1,2,0,no,yes,no,no,yes,yes,yes,no,4,4,4,1,2,5,10,16,18,18
SPOR418,Student 418,GP,F,18,U,GT3,T,3,2,at_home,other,reputation,father,1,3,0,no,yes,no,no,yes,yes,yes,yes,4,3,4,1,2,2,5,14,17,17
SPOR419,Student 419,GP,M,18,R,GT3,T,2,3,other,services,reputation,father,1,1,0,no,no,no,no,yes,yes,yes,no,3,1,3,4,5,4,13,13,14,14
SPOR420,Student 420,GP,M,19,U,GT3,T,2,1,other,other,reputation,mother,1,1,0,no,no,no,no,yes,yes,yes,no,5,3,4,1,4,4,10,7,11,11
SPOR421,Student 421,GP,F,18,U,LE3,A,2,2,services,other,reputation,mother,2,2,0,no,yes,no,no,yes,yes,yes,no,4,1,4,1,3,4,10,14,17,17
SPOR422,Student 422,GP,F,20,U,GT3,T,1,0,other,other,reputation,mother,2,1,1,yes,no,no,no,yes,yes,yes,yes,5,3,1,1,1,5,5,8,10,10
SPOR423,Student 423,GP,F,18,U,GT3,T,3,2,services,other,home,mother,1,2,0,no,yes,no,yes,no,yes,yes,yes,3,1,2,1,2,1,4,10,13,13
SPOR424,Student 424,MS,F,16,U,GT3,T,1,3,at_home,other,other,father,2,1,0,no,yes,no,no,yes,no,yes,yes,4,3,3,1,3,5,11,10,11,11
SPOR425,Student 425,MS,F,16,R,GT3,T,2,2,other,other,course,mother,2,2,0,no,yes,no,yes,yes,yes,yes,no,4,4,4,1,1,5,0,12,12,12
SPOR426,Student 426,MS,F,15,R,GT3,T,1,1,at_home,services,other,mother,1,1,1,no,yes,no,no,yes,yes,no,yes,4,1,3,1,1,2,6,10,10,10
SPOR427,Student 427,MS,F,15,R,GT3,T,3,3,at_home,other,course,mother,2,1,0,no,yes,no,no,yes,yes,yes,no,5,4,4,2,3,5,4,10,10,11
SPOR428,Student 428,MS,F,16,R,GT3,T,2,3,at_home,services,course,mother,2,2,0,no,no,no,no,yes,yes,no,no,4,5,2,1,2,5,0,16,17,17
SPOR429,Student 429,MS,F,15,R,LE3,T,2,1,at_home,other,home,mother,2,1,0,no,no,no,no,yes,no,no,no,1,3,4,1,1,1,0,6,8,9
SPOR430,Student 430,MS,M,16,R,LE3,A,4,4,at_home,other,home,mother,1,2,0,no,yes,no,no,yes,yes,no,no,5,3,2,1,3,2,5,10,11,11
SPOR431,Student 431,MS,M,16,U,GT3,A,1,2,other,other,other,mother,1,3,0,yes,no,no,no,yes,yes,yes,no,4,4,3,1,1,5,0,10,11,11
SPOR432,Student 432,MS,F,17,R,GT3,T,3,2,at_home,other,course,father,1,2,1,no,no,no,no,yes,yes,no,yes,4,5,4,1,2,5,0,10,10,10
SPOR433,Student 433,MS,F,17,R,GT3,T,1,1,other,other,other,father,1,1,1,no,yes,no,no,no,no,yes,no,5,4,4,2,2,5,0,6,6,7
SPOR434,Student 434,MS,F,15,R,GT3,T,4,4,teacher,other,course,mother,2,1,0,no,no,no,no,yes,yes,yes,yes,1,5,1,3,5,5,0,13,14,14
SPOR435,Student 435,MS,F,16,U,LE3,A,2,2,at_home,other,reputation,mother,2,4,0,no,no,no,yes,no,no,no,yes,1,2,1,1,1,1,4,10,9,11
SPOR436,Student 436,MS,F,15,R,LE3,T,1,1,at_home,services,reputation,father,2,2,0,no,yes,no,no,yes,yes,yes,no,5,4,3,1,2,4,0,10,10,10
SPOR437,Student 437,MS,F,15,R,LE3,T,1,1,other,services,course,mother,2,1,1,no,yes,no,no,yes,yes,yes,yes,4,4,3,1,2,2,4,6,7,8
SPOR438,Student 438,MS,F,16,R,GT3,T,0,2,other,other,other,mother,2,1,0,no,yes,no,yes,yes,yes,no,no,3,2,3,1,2,2,0,12,11,12
SPOR439,Student 439,MS,F,17,R,GT3,T,2,3,other,other,course,mother,2,1,0,no,yes,no,no,yes,yes,yes,no,5,5,5,1,3,3,2,10,11,12
SPOR440,Student 440,MS,F,15,R,GT3,T,3,3,other,services,course,father,2,1,0,no,no,no,no,no,yes,yes,no,4,1,3,1,1,4,0,14,16,16
SPOR441,Student 441,MS,M,16,U,GT3,T,1,1,at_home,services,home,mother,2,2,0,no,yes,no,yes,yes,yes,no,yes,5,4,5,4,5,3,0,7,0,0
SPOR442,Student 442,MS,M,17,U,GT3,T,1,1,other,other,home,mother,1,2,0,no,no,yes,no,no,yes,yes,no,4,4,3,2,4,5,4,8,9,9
SPOR443,Student 443,MS,M,15,R,LE3,T,4,1,health,services,reputation,father,1,2,0,no,yes,no,yes,yes,yes,yes,no,5,3,4,1,2,2,0,12,13,14
SPOR444,Student 444,MS,M,15,R,LE3,T,4,1,health,services,reputation,father,1,2,0,no,yes,no,yes,yes,yes,yes,no,5,3,4,1,2,2,7,7,9,8
SPOR445,Student 445,MS,M,16,R,GT3,T,3,4,other,health,other,mother,3,2,0,no,no,no,no,no,yes,no,no,3,4,5,1,2,5,4,9,10,11
SPOR446,Student 446,MS,M,15,R,GT3,T,1,1,other,other,course,mother,4,2,0,no,yes,no,yes,yes,yes,no,yes,5,4,5,2,4,4,8,7,9,9
SPOR447,Student 447,MS,M,15,U,LE3,T,3,3,at_home,at_home,reputation,father,1,2,0,no,yes,no,yes,yes,yes,yes,no,5,3,3,1,1,5,0,11,11,11
SPOR448,Student 448,MS,M,17,R,GT3,T,2,1,other,other,other,mother,3,1,0,no,no,no,yes,yes,no,no,yes,5,5,5,5,5,3,8,8,10,9
SPOR449,Student 449,MS,F,16,R,GT3,T,4,4,teacher,teacher,course,mother,2,3,0,no,no,no,yes,yes,yes,yes,yes,4,2,2,1,1,4,6,16,16,17
SPOR450,Student 450,MS,F,15,R,GT3,T,1,2,other,services,course,mother,2,1,0,no,no,no,no,yes,yes,no,no,5,1,2,1,1,1,3,11,13,13
SPOR451,Student 451,MS,F,16,R,GT3,T,2,3,other,services,course,mother,3,2,0,no,yes,no,no,yes,yes,yes,no,4,5,4,1,2,1,2,15,15,15
SPOR452,Student 452,MS,M,16,R,GT3,T,1,2,other,other,course,father,2,2,0,no,no,no,no,yes,yes,no,no,4,3,3,1,1,5,0,10,11,11
SPOR453,Student 453,MS,F,16,R,GT3,T,2,2,other,other,course,mother,3,2,0,no,yes,no,no,yes,yes,yes,no,4,4,5,1,1,4,4,9,10,11
SPOR454,Student 454,MS,F,16,U,GT3,T,1,2,other,services,course,mother,1,3,1,no,yes,no,no,yes,yes,no,no,1,3,2,1,2,4,0,10,8,8
SPOR455,Student 455,MS,F,16,U,GT3,T,1,2,other,services,course,mother,1,3,1,no,yes,no,no,yes,yes,no,no,1,3,2,1,2,4,3,9,8,8
SPOR456,Student 456,MS,F,15,U,GT3,T,2,1,at_home,other,home,mother,1,2,0,yes,yes,no,no,no,yes,yes,no,4,4,2,3,3,2,0,9,10,9
SPOR457,Student 457,MS,F,16,U,GT3,T,1,1,at_home,other,course,father,1,2,0,no,yes,no,no,no,yes,no,yes,5,4,3,2,1,2,0,13,14,15
SPOR458,Student 458,MS,M,17,R,LE3,T,1,2,at_home,services,reputation,mother,1,1,0,no,yes,no,yes,yes,yes,yes,no,5,5,5,5,5,3,4,10,11,11
SPOR459,Student 459,MS,F,16,R,GT3,T,1,1,other,other,home,father,4,4,0,no,yes,no,no,no,yes,yes,no,4,3,2,1,1,1,0,13,10,13
SPOR460,Student 460,MS,F,16,R,GT3,T,1,1,at_home,other,other,father,4,3,0,yes,yes,no,no,yes,yes,no,no,4,4,3,1,1,5,2,10,9,10
SPOR461,Student 461,MS,F,15,R,GT3,T,1,1,at_home,other,home,father,2,2,0,no,yes,no,yes,yes,yes,yes,no,4,3,3,1,1,2,1,11,10,11
SPOR462,Student 462,MS,F,16,R,GT3,T,1,1,at_home,other,other,mother,2,1,0,no,no,no,yes,yes,yes,yes,yes,4,2,2,4,3,2,0,13,12,14
SPOR463,Student 463,MS,F,15,R,GT3,T,1,1,at_home,at_home,course,father,3,2,0,no,yes,no,no,yes,yes,no,no,4,2,1,1,2,2,0,13,14,14
SPOR464,Student 464,MS,F,15,R,LE3,T,2,2,other,other,other,father,1,3,0,yes,yes,no,no,yes,yes,no,no,4,4,3,2,2,5,2,14,11,12
SPOR465,Student 465,MS,M,16,R,GT3,T,1,1,at_home,other,other,father,2,1,0,no,no,no,yes,yes,yes,no,no,3,4,4,3,4,5,6,11,11,11
SPOR466,Student 466,MS,F,18,U,GT3,T,1,2,other,other,course,father,1,2,1,no,yes,no,yes,yes,yes,yes,yes,3,4,4,2,3,5,9,9,8,8
SPOR467,Student 467,MS,M,15,U,GT3,T,3,1,other,services,home,mother,2,1,0,no,yes,no,no,yes,yes,no,no,3,2,3,1,3,4,0,10,9,11
SPOR468,Student 468,MS,F,16,R,GT3,T,2,2,other,services,course,father,3,2,0,no,yes,no,yes,yes,yes,yes,no,5,3,4,1,1,2,1,14,13,14
SPOR469,Student 469,MS,M,15,U,GT3,T,2,2,health,other,reputation,mother,3,1,0,no,no,no,no,yes,yes,no,no,4,3,3,1,2,4,1,13,12,13
SPOR470,Student 470,MS,M,16,U,GT3,T,4,4,other,teacher,course,father,1,2,0,no,yes,no,yes,yes,yes,no,yes,4,3,1,1,1,3,0,13,12,13
SPOR471,Student 471,MS,F,15,R,GT3,T,3,3,services,other,reputation,mother,1,2,0,no,yes,no,no,yes,yes,yes,yes,4,5,4,1,1,1,4,13,12,12
SPOR472,Student 472,MS,F,16,R,GT3,T,2,2,at_home,other,course,mother,2,2,1,no,yes,no,yes,no,yes,no,no,4,4,4,2,3,5,2,12,11,12
SPOR473,Student 473,MS,F,16,R,LE3,T,2,2,other,other,home,father,3,1,0,no,yes,no,yes,yes,yes,no,yes,4,3,2,1,1,4,0,14,14,16
SPOR474,Student 474,MS,M,16,U,LE3,T,2,1,at_home,services,course,mother,2,1,0,no,yes,no,yes,yes,yes,yes,no,2,4,3,2,3,4,4,10,8,10
SPOR475,Student 475,MS,M,15,R,LE3,T,1,3,at_home,other,reputation,father,3,1,0,no,yes,no,yes,yes,yes,yes,no,4,2,4,3,5,3,2,10,11,11
SPOR476,Student 476,MS,F,15,U,GT3,T,2,2,other,services,course,mother,2,3,0,no,yes,no,yes,yes,yes,no,no,5,3,2,1,1,4,0,12,13,14
SPOR477,Student 477,MS,F,16,R,LE3,T,2,1,other,other,home,mother,1,1,0,no,yes,no,no,yes,yes,yes,yes,5,4,3,1,1,5,2,10,8,8
SPOR478,Student 478,MS,M,15,U,GT3,T,3,3,services,services,course,father,2,1,0,no,yes,no,yes,no,yes,yes,no,4,3,3,2,4,3,11,12,10,11
SPOR479,Student 479,MS,F,16,R,GT3,T,1,1,at_home,other,course,father,2,2,3,yes,yes,no,no,yes,yes,no,no,3,4,3,1,1,1,0,7,7,8
SPOR480,Student 480,MS,F,17,U,GT3,T,2,2,other,at_home,course,mother,1,1,0,no,yes,no,yes,yes,no,no,no,4,5,3,1,1,5,4,9,9,10
SPOR481,Student 481,MS,F,19,U,GT3,T,2,3,at_home,services,course,other,1,1,1,no,no,no,no,yes,no,yes,yes,4,4,4,1,1,2,0,9,9,10
SPOR482,Student 482,MS,F,17,R,GT3,T,2,1,at_home,other,course,mother,3,1,0,no,yes,no,yes,yes,no,no,yes,5,5,3,1,1,3,2,9,10,11
SPOR483,Student 483,MS,F,15,R,LE3,T,1,1,at_home,other,course,mother,2,1,0,no,yes,no,no,yes,no,no,yes,5,2,1,1,3,4,0,9,10,9
SPOR484,Student 484,MS,F,16,R,GT3,T,2,2,other,other,course,father,3,2,0,no,yes,no,no,yes,no,yes,no,3,4,5,1,2,1,1,9,10,11
SPOR485,Student 485,MS,F,16,U,LE3,A,2,2,other,other,home,mother,1,1,0,no,yes,no,no,yes,no,no,no,4,3,4,1,2,1,6,7,7,8
SPOR486,Student 486,MS,F,17,R,GT3,T,2,2,at_home,other,course,mother,2,2,0,no,yes,no,no,yes,yes,yes,no,4,3,5,1,2,4,0,11,10,11
SPOR487,Student 487,MS,F,16,U,GT3,T,2,2,other,services,course,father,1,1,1,no,yes,yes,yes,no,yes,yes,no,4,4,3,1,4,3,1,9,10,10
SPOR488,Student 488,MS,F,18,R,LE3,A,3,2,other,other,course,other,2,3,2,no,yes,no,no,no,no,no,yes,3,3,2,1,1,2,6,7,9,10
SPOR489,Student 489,MS,F,19,U,GT3,T,1,1,at_home,services,course,mother,1,3,1,no,no,no,yes,yes,no,no,yes,5,3,1,1,1,3,6,7,9,9
SPOR490,Student 490,MS,M,18,R,GT3,T,1,1,other,other,home,mother,2,1,1,no,no,no,yes,yes,no,yes,no,4,4,3,3,4,4,0,8,9,10
SPOR491,Student 491,MS,F,18,R,GT3,T,1,1,at_home,at_home,course,mother,2,1,1,no,no,no,no,no,no,yes,yes,3,2,3,1,1,2,4,9,11,10
SPOR492,Student 492,MS,F,19,U,GT3,T,1,1,other,other,course,other,2,2,1,no,yes,no,no,yes,yes,yes,yes,1,1,4,4,1,1,12,7,8,9
SPOR493,Student 493,MS,F,16,R,GT3,A,2,2,health,other,course,mother,1,2,0,no,no,no,no,no,yes,no,yes,3,3,2,1,1,3,2,8,10,10
SPOR494,Student 494,MS,F,17,U,GT3,T,0,1,other,at_home,course,father,2,1,0,no,no,no,yes,no,yes,no,no,2,4,4,3,5,5,5,9,9,10
SPOR495,Student 495,MS,F,16,R,LE3,T,1,2,at_home,other,course,mother,1,2,0,no,no,no,yes,yes,no,yes,no,4,4,5,1,3,3,0,8,9,9
SPOR496,Student 496,MS,F,16,U,GT3,T,3,3,other,other,reputation,mother,1,1,0,no,no,no,yes,yes,no,yes,yes,4,5,4,1,1,4,0,14,13,13
SPOR497,Student 497,MS,F,16,R,LE3,T,1,1,services,services,home,mother,1,1,0,no,yes,no,yes,yes,yes,yes,yes,4,4,4,2,2,4,2,14,14,14
SPOR498,Student 498,MS,M,17,U,GT3,T,3,3,services,at_home,course,mother,2,4,1,no,yes,yes,yes,yes,yes,no,no,5,4,5,3,4,5,0,10,11,10
SPOR499,Student 499,MS,F,16,U,GT3,T,2,1,other,services,course,mother,1,2,0,no,yes,no,yes,yes,yes,yes,no,5,3,3,1,1,1,0,14,13,14
SPOR500,Student 500,MS,F,16,U,GT3,T,2,2,services,other,course,mother,1,1,0,no,yes,yes,yes,yes,yes,no,yes,4,2,5,1,2,5,0,17,16,16
SPOR501,Student 501,MS,M,17,U,GT3,T,1,2,other,other,course,father,1,1,1,no,yes,no,yes,yes,no,yes,yes,5,3,5,5,5,1,12,6,7,7
SPOR502,Student 502,MS,M,16,U,LE3,T,4,3,other,other,course,father,1,1,0,no,no,no,yes,yes,yes,yes,no,4,2,5,1,5,5,8,14,12,13
SPOR503,Student 503,MS,M,17,R,LE3,T,2,2,services,services,other,mother,3,4,1,no,yes,no,no,yes,yes,no,no,1,3,5,3,5,3,2,10,8,9
SPOR504,Student 504,MS,F,16,U,GT3,T,1,1,other,other,course,other,1,4,0,yes,yes,no,yes,yes,yes,yes,no,2,2,1,1,1,5,0,14,14,14
SPOR505,Student 505,MS,F,19,U,LE3,T,2,2,other,other,home,mother,1,3,0,no,no,no,no,yes,yes,yes,yes,5,4,5,1,1,1,0,12,13,13
SPOR506,Student 506,MS,F,17,R,GT3,T,1,1,at_home,other,reputation,mother,2,1,0,no,yes,no,yes,no,yes,yes,yes,4,4,5,1,2,5,0,11,11,11
SPOR507,Student 507,MS,F,20,U,GT3,T,3,3,at_home,services,other,mother,2,2,1,no,no,no,yes,yes,yes,yes,yes,3,3,4,2,4,3,8,11,9,10
SPOR508,Student 508,MS,F,17,U,LE3,T,1,1,other,services,course,father,1,3,0,no,yes,no,no,yes,yes,no,yes,4,3,3,1,1,3,0,11,11,10
SPOR509,Student 509,MS,M,17,R,GT3,T,2,2,other,other,course,mother,3,1,1,no,yes,no,no,no,yes,yes,no,4,4,5,1,2,5,0,10,9,9
SPOR510,Student 510,MS,F,16,R,LE3,T,1,1,at_home,other,course,father,3,2,0,no,yes,no,no,yes,yes,no,no,5,3,2,1,1,1,0,16,17,18
SPOR511,Student 511,MS,F,17,R,GT3,T,2,2,other,other,reputation,mother,2,2,0,no,yes,no,yes,yes,yes,no,no,5,3,2,1,1,1,0,15,17,17
SPOR512,Student 512,MS,F,17,U,GT3,A,1,0,other,other,other,mother,2,2,0,no,no,no,no,yes,yes,yes,yes,4,4,5,1,1,4,1,11,9,10
SPOR513,Student 513,MS,F,18,R,GT3,T,1,1,at_home,other,other,mother,1,2,1,no,yes,no,no,yes,yes,yes,yes,4,3,2,1,1,5,9,7,7,7
SPOR514,Student 514,MS,F,16,U,GT3,T,3,1,other,other,course,mother,1,1,0,no,no,no,yes,yes,yes,yes,no,3,1,3,1,3,1,0,8,6,8
SPOR515,Student 515,MS,F,16,U,GT3,T,3,2,services,at_home,course,mother,1,1,0,no,no,no,no,yes,yes,yes,no,3,1,3,1,4,3,2,7,6,7
SPOR516,Student 516,MS,F,18,U,LE3,T,1,1,other,at_home,reputation,mother,2,2,0,yes,no,no,no,yes,yes,no,no,2,3,5,1,4,3,8,9,8,10
SPOR517,Student 517,MS,F,16,R,GT3,T,4,4,health,teacher,reputation,father,1,2,0,no,no,no,yes,no,yes,yes,yes,4,3,3,2,3,2,0,14,16,16
SPOR518,Student 518,MS,F,16,R,LE3,T,1,2,other,other,reputation,mother,2,1,0,no,no,no,yes,yes,yes,yes,no,5,4,5,1,4,2,0,14,14,15
SPOR519,Student 519,MS,F,18,U,GT3,A,2,4,other,services,reputation,father,1,2,1,no,yes,no,no,yes,yes,yes,no,2,3,2,1,3,1,8,8,5,8
SPOR520,Student 520,MS,M,16,R,GT3,T,2,1,other,services,reputation,mother,2,2,0,no,no,no,yes,yes,yes,yes,no,5,2,1,1,1,2,0,8,7,0
SPOR521,Student 521,MS,F,16,U,LE3,T,1,1,at_home,other,other,mother,3,2,0,no,yes,no,no,yes,yes,yes,no,4,3,2,1,3,5,6,6,8,8
SPOR522,Student 522,MS,F,16,R,GT3,T,2,3,at_home,services,other,mother,2,2,0,no,yes,no,yes,yes,yes,yes,no,3,3,3,1,1,2,0,8,10,10
SPOR523,Student 523,MS,F,16,U,GT3,T,4,4,health,health,course,mother,1,2,0,no,yes,no,no,yes,yes,yes,yes,4,3,4,1,2,3,4,8,8,8
SPOR524,Student 524,MS,M,18,U,LE3,T,4,4,at_home,health,home,mother,1,4,0,no,yes,no,yes,yes,no,yes,yes,5,5,5,5,5,5,2,5,6,6
SPOR525,Student 525,MS,F,16,R,LE3,T,3,4,at_home,other,other,mother,3,2,0,no,yes,no,no,no,yes,no,no,4,2,1,1,1,2,2,7,9,8
SPOR526,Student 526,MS,M,17,U,LE3,T,4,4,other,services,home,mother,1,3,0,no,yes,no,no,yes,yes,yes,no,4,4,3,1,2,5,0,15,14,16
SPOR527,Student 527,MS,F,17,R,GT3,T,4,1,other,other,other,mother,1,1,0,no,no,no,no,yes,yes,yes,yes,4,2,3,1,2,5,1,13,14,14
SPOR528,Student 528,MS,M,16,U,LE3,T,2,2,services,services,other,mother,4,3,0,no,no,no,no,yes,yes,no,no,5,1,3,2,2,3,0,10,9,10
SPOR529,Student 529,MS,F,17,R,GT3,T,2,2,at_home,other,other,mother,1,1,0,no,yes,yes,no,yes,yes,yes,no,5,1,3,1,2,5,5,9,9,9
SPOR530,Student 530,MS,F,16,U,LE3,T,4,4,services,services,other,father,2,1,0,no,yes,no,no,yes,yes,no,no,5,1,3,1,2,5,1,11,11,11
SPOR531,Student 531,MS,M,17,U,GT3,T,3,3,services,services,home,mother,1,1,0,no,yes,no,yes,yes,yes,yes,no,4,1,4,5,5,3,8,7,10,9
SPOR532,Student 532,MS,M,17,U,GT3,T,1,1,at_home,services,other,mother,3,2,0,no,no,no,no,yes,yes,yes,yes,5,1,3,3,3,1,0,10,10,10
SPOR533,Student 533,MS,M,16,U,GT3,T,2,1,health,services,other,mother,2,2,0,no,no,no,no,no,yes,yes,yes,4,2,2,1,4,5,2,9,7,8
SPOR534,Student 534,MS,F,16,U,LE3,T,2,1,other,services,other,mother,1,2,0,no,no,no,no,yes,yes,yes,yes,3,2,2,1,1,3,0,14,15,16
SPOR535,Student 535,MS,M,16,U,LE3,T,4,4,teacher,health,other,father,1,1,0,no,yes,no,no,yes,yes,yes,no,4,1,2,2,5,5,0,11,12,12
SPOR536,Student 536,MS,M,15,R,GT3,T,1,2,other,services,course,mother,3,2,0,no,yes,no,yes,yes,yes,no,no,5,5,5,1,3,5,11,9,11,10
SPOR537,Student 537,MS,M,15,U,LE3,A,2,2,other,other,reputation,mother,3,4,0,no,yes,no,yes,yes,yes,no,no,5,4,5,2,3,5,8,13,14,14
SPOR538,Student 538,MS,M,15,U,LE3,A,2,1,services,services,course,mother,1,1,0,no,no,no,yes,yes,yes,yes,no,4,3,3,1,2,5,11,12,13,12
SPOR539,Student 539,MS,F,16,R,LE3,T,2,2,other,other,course,mother,1,3,0,no,yes,no,no,no,yes,no,yes,4,3,3,2,2,5,2,11,11,11
SPOR540,Student 540,MS,F,16,U,LE3,T,4,1,other,other,home,mother,2,2,0,no,yes,no,yes,yes,yes,yes,no,1,2,4,2,2,1,8,9,10,10
SPOR541,Student 541,MS,F,17,U,GT3,T,3,2,at_home,other,home,mother,2,1,0,no,no,no,no,yes,yes,no,yes,4,3,3,2,2,1,5,9,11,11
SPOR542,Student 542,MS,F,17,R,GT3,T,2,2,other,other,other,mother,2,2,0,yes,no,yes,no,yes,yes,no,no,5,1,3,1,1,5,0,11,9,11
SPOR543,Student 543,MS,F,16,U,GT3,T,4,4,teacher,services,course,mother,2,3,0,no,yes,no,no,yes,yes,yes,yes,5,3,5,1,4,5,1,10,11,12
SPOR544,Student 544,MS,M,17,R,GT3,T,4,4,health,other,course,father,3,1,3,no,no,no,yes,yes,yes,yes,yes,3,3,3,1,3,5,2,9,9,8
SPOR545,Student 545,MS,M,17,R,LE3,T,1,3,other,other,course,father,2,1,0,no,no,no,yes,yes,yes,no,yes,5,1,2,3,3,5,2,12,11,12
SPOR546,Student 546,MS,M,17,U,GT3,T,3,4,services,other,other,mother,1,2,1,no,yes,no,yes,no,yes,yes,yes,5,4,4,3,4,5,8,8,9,8
SPOR547,Student 547,MS,F,17,U,GT3,T,4,4,health,health,course,father,1,2,0,no,yes,no,no,yes,yes,yes,no,5,2,5,1,1,5,0,13,15,16
SPOR548,Student 548,MS,M,16,R,LE3,T,4,1,other,at_home,other,father,1,1,0,no,no,no,no,yes,yes,yes,no,4,1,2,2,1,2,0,10,11,11
SPOR549,Student 549,MS,F,17,U,GT3,A,1,1,at_home,at_home,other,mother,1,2,0,no,no,no,yes,yes,yes,yes,yes,4,5,5,1,2,3,2,11,10,11
SPOR550,Student 550,MS,F,17,R,GT3,T,4,2,other,other,course,mother,2,2,0,yes,yes,no,no,no,yes,yes,no,4,3,3,2,3,5,0,17,18,18
SPOR551,Student 551,MS,M,16,U,LE3,A,2,2,other,services,course,father,2,2,0,no,yes,no,no,no,yes,yes,yes,4,1,2,2,2,5,0,12,13,13
SPOR552,Student 552,MS,M,17,U,GT3,T,3,2,other,other,other,father,2,2,0,no,yes,yes,no,yes,yes,yes,no,4,1,2,2,2,1,0,13,14,13
SPOR553,Student 553,MS,M,19,U,GT3,T,1,1,other,other,other,mother,1,2,2,no,yes,no,yes,yes,no,yes,no,4,4,3,3,4,4,2,9,9,10
SPOR554,Student 554,MS,M,17,U,LE3,A,1,0,other,other,home,mother,1,1,0,no,no,no,no,yes,yes,no,yes,4,1,2,1,1,5,4,11,11,12
SPOR555,Student 555,MS,F,17,R,GT3,T,1,1,at_home,at_home,course,father,2,1,0,no,yes,no,yes,yes,no,yes,yes,3,5,5,2,2,4,3,10,11,10
SPOR556,Student 556,MS,F,16,R,GT3,T,1,2,other,other,home,father,1,3,0,yes,yes,no,no,no,yes,yes,yes,4,3,4,1,1,3,5,13,14,13
SPOR557,Student 557,MS,M,16,R,LE3,T,1,2,other,at_home,course,mother,1,1,0,no,no,no,no,yes,yes,no,no,4,4,4,2,4,5,4,9,10,11
SPOR558,Student 558,MS,F,17,R,GT3,T,3,1,other,other,course,mother,2,2,3,no,yes,no,yes,no,yes,yes,yes,5,4,4,1,1,5,2,7,9,10
SPOR559,Student 559,MS,M,17,R,GT3,T,2,2,other,other,course,mother,2,1,0,no,no,no,yes,yes,no,no,yes,5,5,5,3,5,5,0,8,13,10
SPOR560,Student 560,MS,M,18,R,GT3,T,1,0,at_home,at_home,course,other,3,1,1,yes,yes,no,no,yes,yes,no,no,4,3,2,1,1,4,0,12,12,13
SPOR561,Student 561,MS,M,17,R,GT3,T,1,1,other,services,course,mother,2,1,0,no,yes,no,yes,no,yes,yes,yes,4,5,5,1,3,2,0,10,9,10
SPOR562,Student 562,MS,M,18,U,LE3,T,1,1,at_home,at_home,course,mother,2,2,0,no,yes,no,yes,yes,yes,no,no,4,3,3,1,4,5,6,10,9,10
SPOR563,Student 563,MS,F,16,R,LE3,T,2,2,other,services,course,father,1,2,0,no,no,no,yes,yes,yes,no,yes,5,4,3,1,1,1,0,11,13,12
SPOR564,Student 564,MS,M,17,U,GT3,T,2,2,other,other,course,mother,1,1,1,no,no,no,yes,yes,yes,no,yes,1,2,1,2,3,5,0,7,0,0
SPOR565,Student 565,MS,M,16,R,GT3,T,3,2,services,other,course,father,2,1,0,no,no,no,no,yes,yes,yes,no,4,5,5,2,3,5,2,11,9,10
SPOR566,Student 566,MS,M,16,R,LE3,T,1,1,at_home,other,course,mother,2,1,0,no,no,no,yes,yes,yes,yes,no,4,5,5,2,4,5,0,10,10,9
SPOR567,Student 567,MS,M,18,R,GT3,T,1,1,services,other,course,other,2,1,1,no,yes,no,no,yes,no,yes,yes,5,3,3,2,3,5,2,9,7,9
SPOR568,Student 568,MS,M,18,R,GT3,T,3,2,services,other,course,mother,1,1,1,no,no,no,no,yes,no,yes,no,2,3,1,2,2,5,0,4,0,0
SPOR569,Student 569,MS,M,19,U,GT3,T,3,2,at_home,services,course,mother,2,1,3,no,no,no,yes,yes,yes,no,no,3,2,1,1,1,3,4,6,11,9
SPOR570,Student 570,MS,M,18,U,GT3,T,3,3,at_home,at_home,course,mother,1,2,2,no,yes,no,yes,yes,no,yes,no,4,4,5,1,3,3,9,4,8,8
SPOR571,Student 571,MS,M,16,R,GT3,T,2,2,services,services,course,mother,2,1,0,no,yes,no,yes,yes,yes,yes,yes,5,4,3,2,4,4,6,7,8,8
SPOR572,Student 572,MS,M,19,U,GT3,T,2,1,at_home,other,course,other,2,1,3,no,no,no,yes,no,no,yes,yes,4,4,3,1,3,5,4,8,9,9
SPOR573,Student 573,MS,F,16,U,GT3,A,3,2,services,at_home,course,mother,2,2,2,no,yes,no,yes,yes,yes,no,yes,2,5,5,1,1,1,8,5,5,7
SPOR574,Student 574,MS,F,17,U,GT3,T,1,1,other,at_home,course,mother,1,1,0,no,yes,no,yes,yes,yes,no,no,4,3,2,1,2,5,9,7,9,10
SPOR575,Student 575,MS,M,20,R,GT3,T,1,1,other,other,course,other,2,1,1,no,yes,no,no,yes,no,yes,yes,4,4,3,2,4,4,12,8,11,10
SPOR576,Student 576,MS,F,18,R,GT3,A,4,3,services,services,course,mother,1,1,0,no,yes,no,no,yes,yes,yes,no,5,4,4,3,4,2,8,10,11,10
SPOR577,Student 577,MS,M,18,R,GT3,T,3,2,other,other,course,mother,2,1,0,no,yes,no,no,no,yes,yes,no,2,5,5,5,5,5,8,9,10,11
SPOR578,Student 578,MS,M,19,R,GT3,T,1,1,other,services,home,other,3,2,1,no,no,no,no,yes,yes,yes,no,5,4,4,3,3,2,8,10,9,11
SPOR579,Student 579,MS,M,17,U,GT3,T,3,3,health,other,course,mother,2,2,1,no,yes,no,no,yes,yes,yes,no,4,5,4,2,3,3,4,8,9,10
SPOR580,Student 580,MS,M,18,U,LE3,T,1,3,at_home,services,course,mother,1,1,0,no,no,no,no,yes,no,yes,yes,4,3,3,2,3,3,0,9,10,9
SPOR581,Student 581,MS,M,19,R,GT3,T,1,1,other,other,home,other,3,1,1,no,yes,no,no,yes,yes,yes,no,4,4,4,3,3,5,4,8,9,10
SPOR582,Student 582,MS,F,18,U,GT3,A,1,2,at_home,other,course,mother,2,2,2,no,yes,no,no,yes,yes,no,no,4,3,3,1,1,5,2,6,8,8
SPOR583,Student 583,MS,F,19,U,LE3,A,1,1,at_home,other,course,mother,1,1,0,no,yes,no,no,yes,no,no,no,1,4,4,1,1,5,0,6,8,7
SPOR584,Student 584,MS,F,18,R,GT3,T,2,2,other,other,other,mother,2,1,1,no,no,no,no,yes,no,yes,yes,5,5,5,1,1,3,0,8,6,0
SPOR585,Student 585,MS,F,17,R,GT3,T,0,0,at_home,other,course,mother,2,1,0,no,yes,no,no,yes,yes,yes,no,4,4,3,1,1,5,0,10,11,11
SPOR586,Student 586,MS,F,17,R,LE3,A,3,1,other,at_home,course,other,2,3,0,no,yes,yes,no,yes,no,no,no,4,2,3,2,2,3,5,8,7,8
SPOR587,Student 587,MS,F,17,U,GT3,T,4,2,teacher,services,home,mother,1,2,0,yes,yes,no,yes,yes,yes,yes,no,5,5,5,1,3,5,0,8,8,0
SPOR588,Student 588,MS,F,18,R,LE3,T,2,2,services,services,course,mother,1,2,1,no,yes,no,yes,yes,yes,yes,no,2,3,3,1,2,4,3,7,6,8
SPOR589,Student 589,MS,F,17,U,GT3,T,4,1,health,at_home,course,mother,1,1,0,no,yes,no,no,yes,yes,no,yes,3,2,2,1,1,5,0,8,10,9
SPOR590,Student 590,MS,F,17,U,LE3,T,1,2,at_home,other,course,father,1,1,0,no,no,no,no,yes,yes,yes,no,5,5,1,1,1,3,0,7,10,10
SPOR591,Student 591,MS,F,18,U,GT3,T,1,1,other,other,course,mother,3,2,2,no,no,no,yes,yes,yes,no,yes,3,4,4,2,2,5,3,7,8,7
SPOR592,Student 592,MS,F,18,U,GT3,T,2,2,services,at_home,reputation,father,2,2,0,no,no,no,yes,no,yes,yes,no,4,3,5,1,1,1,2,12,13,14
SPOR593,Student 593,MS,F,17,U,GT3,T,3,3,services,services,course,mother,2,1,0,no,yes,no,no,yes,yes,yes,no,4,4,3,1,1,4,0,11,12,13
SPOR594,Student 594,MS,F,18,U,LE3,A,1,2,at_home,other,reputation,mother,2,2,0,no,no,no,no,yes,yes,yes,no,4,4,3,1,2,4,0,12,13,14
SPOR595,Student 595,MS,F,18,U,GT3,T,4,4,teacher,teacher,reputation,mother,2,2,0,no,no,no,yes,no,yes,yes,no,4,3,5,1,2,1,0,18,18,18
SPOR596,Student 596,MS,M,18,U,LE3,T,4,4,services,other,reputation,mother,1,1,0,no,yes,no,yes,yes,yes,yes,no,5,4,5,1,1,5,3,17,17,17
SPOR597,Student 597,MS,F,17,U,GT3,T,4,2,other,other,course,mother,2,2,0,no,yes,no,no,yes,yes,yes,no,4,3,3,1,2,4,0,17,18,18
SPOR598,Student 598,MS,F,18,R,GT3,T,2,2,at_home,other,course,mother,3,2,1,no,no,no,yes,yes,yes,no,yes,4,3,3,1,1,4,0,9,0,0
SPOR599,Student 599,MS,M,18,U,LE3,T,1,2,at_home,services,home,mother,2,1,0,no,yes,no,no,no,yes,no,no,4,1,4,5,5,1,8,10,11,11
SPOR600,Student 600,MS,M,18,R,GT3,T,4,4,at_home,services,other,mother,3,1,0,no,yes,yes,yes,yes,yes,yes,yes,2,5,5,1,1,1,5,12,13,14
SPOR601,Student 601,MS,M,17,R,GT3,T,1,1,other,services,other,father,3,1,0,no,no,no,no,no,no,no,no,4,2,3,3,4,4,4,12,13,14
SPOR602,Student 602,MS,F,18,U,GT3,T,2,2,other,other,course,mother,2,2,0,no,yes,no,no,no,yes,yes,yes,1,3,1,1,1,2,4,8,8,10
SPOR603,Student 603,MS,F,18,U,LE3,T,2,2,services,services,course,father,2,3,0,no,no,no,no,yes,yes,yes,yes,5,4,5,1,4,3,0,11,12,13
SPOR604,Student 604,MS,F,18,R,LE3,A,4,2,teacher,other,reputation,mother,1,2,0,no,no,no,yes,yes,yes,yes,yes,5,3,1,1,1,5,0,5,0,0
SPOR605,Student 605,MS,F,18,U,GT3,T,1,1,at_home,services,course,mother,3,2,1,no,no,no,no,yes,no,no,no,4,4,2,1,2,2,2,9,10,10
SPOR606,Student 606,MS,F,19,U,GT3,T,1,1,at_home,services,other,father,2,1,1,no,no,no,no,yes,no,no,no,5,5,5,2,3,2,0,5,0,0
SPOR607,Student 607,MS,F,17,U,GT3,T,4,2,teacher,other,course,father,2,4,0,no,no,no,no,yes,yes,yes,yes,4,2,3,3,1,5,0,18,18,18
SPOR608,Student 608,MS,F,17,R,LE3,A,2,1,services,other,reputation,mother,2,2,0,no,no,no,yes,yes,yes,yes,yes,5,3,3,1,2,2,5,11,11,12
SPOR609,Student 609,MS,F,18,U,LE3,A,1,1,at_home,services,course,mother,1,2,0,no,no,no,no,yes,yes,no,yes,5,2,3,1,2,3,2,8,10,11
SPOR610,Student 610,MS,F,18,U,GT3,T,1,2,at_home,at_home,course,father,2,2,0,no,yes,no,no,yes,no,no,no,4,1,1,1,1,4,0,11,11,12
SPOR611,Student 611,MS,F,19,R,GT3,A,1,1,at_home,at_home,course,other,2,2,3,no,yes,no,yes,yes,no,no,yes,3,5,4,1,4,1,0,8,0,0
SPOR612,Student 612,MS,F,18,R,GT3,T,2,2,services,other,home,mother,2,3,0,no,no,no,no,yes,yes,yes,yes,4,2,1,1,1,4,5,14,14,15
SPOR613,Student 613,MS,M,17,R,GT3,T,4,3,services,other,home,mother,2,2,1,no,yes,yes,yes,no,yes,yes,yes,4,5,5,1,3,2,4,10,11,11
SPOR614,Student 614,MS,F,18,U,GT3,T,3,3,services,services,course,father,1,2,0,no,yes,no,no,yes,yes,no,yes,5,3,4,1,1,5,0,10,10,10
SPOR615,Student 615,MS,F,17,R,GT3,T,4,4,teacher,services,other,father,2,2,0,no,yes,yes,yes,yes,yes,yes,no,4,3,3,1,2,5,2,12,12,12
SPOR616,Student 616,MS,F,17,U,LE3,A,3,2,services,other,reputation,mother,2,2,0,no,no,no,no,yes,yes,no,yes,1,2,3,1,2,5,0,15,14,15
SPOR617,Student 617,MS,M,18,U,LE3,T,1,1,other,services,home,father,2,1,0,no,no,no,no,no,yes,yes,yes,3,3,2,1,2,3,2,14,13,14
SPOR618,Student 618,MS,F,18,U,LE3,T,1,1,at_home,services,course,father,2,3,0,no,no,no,no,yes,yes,yes,no,5,3,2,1,1,4,0,19,17,18
SPOR619,Student 619,MS,F,18,R,LE3,A,1,2,at_home,other,course,mother,3,2,0,no,no,no,no,yes,yes,no,yes,4,3,4,1,4,5,0,16,15,15
SPOR620,Student 620,MS,F,18,U,GT3,T,3,3,services,services,other,mother,2,2,0,no,yes,no,no,yes,yes,yes,yes,4,3,2,1,3,3,6,13,12,13
SPOR621,Student 621,MS,F,17,U,LE3,T,4,4,at_home,at_home,course,mother,1,2,0,no,yes,no,yes,yes,yes,yes,yes,2,3,4,1,1,1,4,15,14,15
SPOR622,Student 622,MS,F,17,R,GT3,T,1,2,other,services,course,father,2,2,0,no,no,no,no,no,yes,no,no,3,2,2,1,2,3,0,13,13,13
SPOR623,Student 623,MS,M,18,R,GT3,T,1,3,at_home,other,course,mother,2,2,0,no,yes,yes,no,yes,yes,no,no,3,3,4,2,4,3,0,8,10,9
SPOR624,Student 624,MS,M,18,U,LE3,T,4,4,teacher,services,other,mother,2,3,0,no,no,no,no,yes,yes,yes,yes,4,2,2,2,2,5,0,15,16,16
SPOR625,Student 625,MS,F,17,R,GT3,T,1,1,other,services,reputation,mother,3,1,1,no,yes,no,no,yes,yes,yes,yes,5,2,1,1,2,1,0,8,8,9
SPOR626,Student 626,MS,F,18,U,GT3,T,2,3,at_home,services,course,father,2,1,0,no,yes,no,no,yes,yes,yes,yes,5,2,3,1,2,4,0,10,10,10
SPOR627,Student 627,MS,F,18,R,GT3,T,4,4,other,teacher,other,father,3,2,0,no,yes,no,no,no,yes,yes,yes,3,2,2,4,2,5,0,7,5,0
SPOR628,Student 628,MS,M,18,R,LE3,T,1,2,at_home,services,other,father,3,1,0,no,yes,no,yes,yes,no,yes,yes,4,3,3,2,3,3,3,9,10,10
SPOR629,Student 629,MS,F,17,U,GT3,T,2,2,other,at_home,home,mother,1,3,0,no,no,no,yes,yes,yes,no,yes,3,4,3,1,1,3,8,10,11,12
SPOR630,Student 630,MS,F,17,R,GT3,T,1,2,other,other,course,mother,1,1,0,no,no,no,yes,yes,yes,yes,no,3,5,5,1,3,1,4,7,8,9
SPOR631,Student 631,MS,F,18,R,LE3,T,4,4,other,other,reputation,mother,2,3,0,no,no,no,no,yes,yes,yes,no,5,4,4,1,1,1,0,15,17,17
SPOR632,Student 632,MS,F,18,R,GT3,T,1,1,other,other,home,mother,4,3,0,no,no,no,no,yes,yes,yes,no,4,3,2,1,2,4,4,10,11,12
SPOR633,Student 633,MS,F,19,R,GT3,T,1,1,at_home,other,course,other,2,2,1,no,yes,no,no,yes,yes,yes,yes,4,3,3,1,1,3,4,7,8,9
SPOR634,Student 634,MS,F,18,R,LE3,T,4,4,teacher,services,course,mother,1,2,0,no,no,no,yes,yes,yes,yes,no,5,4,3,3,4,2,1,13,14,14
SPOR635,Student 635,MS,F,18,U,GT3,T,3,3,other,other,home,mother,1,2,0,no,no,no,no,yes,yes,yes,yes,4,1,3,1,2,1,1,16,16,16
SPOR636,Student 636,MS,F,17,R,GT3,T,3,1,at_home,other,reputation,mother,1,2,0,no,yes,no,yes,no,yes,yes,no,4,5,4,2,3,1,10,8,9,9
SPOR637,Student 637,MS,M,18,U,GT3,T,4,4,teacher,teacher,home,father,1,2,0,no,no,no,yes,no,yes,yes,no,3,2,4,1,4,2,4,17,18,19
SPOR638,Student 638,MS,M,18,R,GT3,T,2,1,other,other,other,mother,2,1,0,no,no,no,yes,no,yes,yes,yes,4,4,3,1,3,5,0,7,7,0
SPOR639,Student 639,MS,M,17,U,GT3,T,2,3,other,services,home,father,2,2,0,no,no,no,yes,yes,yes,yes,no,4,4,3,1,1,3,4,14,15,16
SPOR640,Student 640,MS,M,19,R,GT3,T,1,1,other,services,other,mother,2,1,1,no,no,no,no,yes,yes,no,no,4,3,2,1,3,5,0,5,8,0
SPOR641,Student 641,MS,M,18,R,GT3,T,4,2,other,other,home,father,2,1,1,no,no,yes,no,yes,yes,no,no,5,4,3,4,3,3,0,7,7,0
SPOR642,Student 642,MS,F,18,R,GT3,T,2,2,at_home,other,other,mother,2,3,0,no,no,no,no,yes,yes,no,no,5,3,3,1,3,4,0,14,17,15
SPOR643,Student 643,MS,F,17,U,GT3,T,4,3,teacher,other,other,mother,2,2,0,no,no,no,no,yes,yes,yes,no,5,5,4,1,1,1,0,6,9,11
SPOR644,Student 644,MS,F,18,R,GT3,T,4,4,teacher,at_home,reputation,mother,3,1,0,no,yes,no,yes,yes,yes,yes,yes,4,4,3,2,2,5,4,7,9,10
SPOR645,Student 645,MS,F,19,R,GT3,T,2,3,services,other,course,mother,1,3,1,no,no,no,yes,no,yes,yes,no,5,4,2,1,2,5,4,10,11,10
SPOR646,Student 646,MS,F,18,U,LE3,T,3,1,teacher,services,course,mother,1,2,0,no,yes,no,no,yes,yes,yes,no,4,3,4,1,1,1,4,15,15,16
SPOR647,Student 647,MS,F,18,U,GT3,T,1,1,other,other,course,mother,2,2,0,no,no,no,yes,yes,yes,no,no,1,1,1,1,1,5,6,11,12,9
SPOR648,Student 648,MS,M,17,U,LE3,T,3,1,services,services,course,mother,2,1,0,no,no,no,no,no,yes,yes,no,2,4,5,3,4,2,6,10,10,10
SPOR649,Student 649,MS,M,18,R,LE3,T,3,2,services,other,course,mother,3,1,0,no,no,no,no,no,yes,yes,no,4,4,1,3,4,5,4,10,11,11
